Fips,State,County,Food_Insec,Food_Insec_Children
01001,AL,Autauga,14,21
01003,AL,Baldwin,13,22
01005,AL,Barbour,23,30
01007,AL,Bibb,16,25
01009,AL,Blount,11,24
01011,AL,Bullock,24,26
01013,AL,Butler,22,27
01015,AL,Calhoun,17,26
01017,AL,Chambers,20,26
01019,AL,Cherokee,14,26
01021,AL,Chilton,14,25
01023,AL,Choctaw,21,26
01025,AL,Clarke,25,27
01027,AL,Clay,15,24
01029,AL,Cleburne,14,25
01031,AL,Coffee,15,24
01033,AL,Colbert,17,26
01035,AL,Conecuh,24,29
01037,AL,Coosa,18,24
01039,AL,Covington,16,27
01041,AL,Crenshaw,17,22
01043,AL,Cullman,13,24
01045,AL,Dale,17,24
01047,AL,Dallas,30,32
01049,AL,DeKalb,12,23
01051,AL,Elmore,14,21
01053,AL,Escambia,20,26
01055,AL,Etowah,16,26
01057,AL,Fayette,16,26
01059,AL,Franklin,14,28
01061,AL,Geneva,16,29
01063,AL,Greene,32,35
01065,AL,Hale,24,26
01067,AL,Henry,16,22
01069,AL,Houston,18,25
01071,AL,Jackson,14,26
01073,AL,Jefferson,19,22
01075,AL,Lamar,17,29
01077,AL,Lauderdale,16,25
01079,AL,Lawrence,15,25
01081,AL,Lee,18,22
01083,AL,Limestone,13,21
01085,AL,Lowndes,28,28
01087,AL,Macon,27,26
01089,AL,Madison,15,21
01091,AL,Marengo,23,26
01093,AL,Marion,15,26
01095,AL,Marshall,12,26
01097,AL,Mobile,19,24
01099,AL,Monroe,25,29
01101,AL,Montgomery,23,24
01103,AL,Morgan,14,23
01105,AL,Perry,29,31
01107,AL,Pickens,21,26
01109,AL,Pike,22,25
01111,AL,Randolph,17,24
01113,AL,Russell,20,24
01115,AL,St. Clair,13,23
01117,AL,Shelby,10,17
01119,AL,Sumter,30,30
01121,AL,Talladega,19,27
01123,AL,Tallapoosa,18,27
01125,AL,Tuscaloosa,18,22
01127,AL,Walker,16,28
01129,AL,Washington,17,25
01131,AL,Wilcox,32,33
01133,AL,Winston,15,30
02013,AK,Aleutians East,14,20
02016,AK,Aleutians West,14,16
02020,AK,Anchorage,12,16
02050,AK,Bethel,22,30
02060,AK,Bristol Bay,14,19
02068,AK,Denali,14,17
02070,AK,Dillingham,18,25
02090,AK,Fairbanks North Star,13,17
02100,AK,Haines,14,19
02105,AK,Hoonah-Angoon,19,30
02110,AK,Juneau,11,16
02122,AK,Kenai Peninsula,13,19
02130,AK,Ketchikan Gateway,15,19
02150,AK,Kodiak Island,12,17
02164,AK,Lake and Peninsula,19,26
02170,AK,Matanuska-Susitna,13,19
02180,AK,Nome,22,29
02185,AK,North Slope,14,18
02188,AK,Northwest Arctic,22,30
02195,AK,Petersburg,14,18
02198,AK,Prince of Wales-Hyder,17,25
02220,AK,Sitka,12,16
02230,AK,Skagway,15,19
02240,AK,Southeast Fairbanks,16,23
02261,AK,Valdez-Cordova,14,19
02270,AK,Wade Hampton,27,38
02275,AK,Wrangell,15,22
02282,AK,Yakutat,14,19
02290,AK,Yukon-Koyukuk,22,32
04001,AZ,Apache,27,38
04003,AZ,Cochise,15,24
04005,AZ,Coconino,20,26
04007,AZ,Gila,19,31
04009,AZ,Graham,16,26
04011,AZ,Greenlee,13,23
04012,AZ,La Paz,16,27
04013,AZ,Maricopa,15,23
04015,AZ,Mohave,19,29
04017,AZ,Navajo,23,34
04019,AZ,Pima,15,23
04021,AZ,Pinal,15,24
04023,AZ,Santa Cruz,9,25
04025,AZ,Yavapai,17,25
04027,AZ,Yuma,18,33
05001,AR,Arkansas,20,25
05003,AR,Ashley,21,27
05005,AR,Baxter,16,27
05007,AR,Benton,12,21
05009,AR,Boone,16,26
05011,AR,Bradley,21,29
05013,AR,Calhoun,18,23
05015,AR,Carroll,14,24
05017,AR,Chicot,28,30
05019,AR,Clark,21,26
05021,AR,Clay,18,29
05023,AR,Cleburne,16,26
05025,AR,Cleveland,18,27
05027,AR,Columbia,24,27
05029,AR,Conway,19,28
05031,AR,Craighead,19,25
05033,AR,Crawford,15,26
05035,AR,Crittenden,26,26
05037,AR,Cross,21,25
05039,AR,Dallas,22,23
05041,AR,Desha,28,31
05043,AR,Drew,24,29
05045,AR,Faulkner,17,22
05047,AR,Franklin,17,27
05049,AR,Fulton,17,29
05051,AR,Garland,18,27
05053,AR,Grant,15,22
05055,AR,Greene,17,25
05057,AR,Hempstead,21,27
05059,AR,Hot Spring,18,26
05061,AR,Howard,18,26
05063,AR,Independence,18,28
05065,AR,Izard,18,29
05067,AR,Jackson,22,32
05069,AR,Jefferson,27,27
05071,AR,Johnson,16,27
05073,AR,Lafayette,24,27
05075,AR,Lawrence,19,29
05077,AR,Lee,28,26
05079,AR,Lincoln,22,26
05081,AR,Little River,19,25
05083,AR,Logan,17,27
05085,AR,Lonoke,15,22
05087,AR,Madison,15,25
05089,AR,Marion,16,27
05091,AR,Miller,20,25
05093,AR,Mississippi,26,31
05095,AR,Monroe,26,31
05097,AR,Montgomery,16,26
05099,AR,Nevada,22,29
05101,AR,Newton,16,26
05103,AR,Ouachita,24,28
05105,AR,Perry,16,26
05107,AR,Phillips,31,32
05109,AR,Pike,17,27
05111,AR,Poinsett,20,29
05113,AR,Polk,17,30
05115,AR,Pope,17,25
05117,AR,Prairie,19,26
05119,AR,Pulaski,21,22
05121,AR,Randolph,18,29
05123,AR,St. Francis,27,27
05125,AR,Saline,13,20
05127,AR,Scott,15,27
05129,AR,Searcy,17,28
05131,AR,Sebastian,17,27
05133,AR,Sevier,13,25
05135,AR,Sharp,18,30
05137,AR,Stone,18,31
05139,AR,Union,21,26
05141,AR,Van Buren,18,29
05143,AR,Washington,15,23
05145,AR,White,18,25
05147,AR,Woodruff,23,27
05149,AR,Yell,14,24
06001,CA,Alameda,14,18
06003,CA,Alpine,16,20
06005,CA,Amador,14,23
06007,CA,Butte,18,24
06009,CA,Calaveras,14,21
06011,CA,Colusa,12,25
06013,CA,Contra Costa,12,17
06015,CA,Del Norte,18,27
06017,CA,El Dorado,13,19
06019,CA,Fresno,14,27
06021,CA,Glenn,13,24
06023,CA,Humboldt,18,24
06025,CA,Imperial,15,32
06027,CA,Inyo,13,19
06029,CA,Kern,13,25
06031,CA,Kings,14,25
06033,CA,Lake,18,27
06035,CA,Lassen,16,25
06037,CA,Los Angeles,12,21
06039,CA,Madera,12,25
06041,CA,Marin,12,16
06043,CA,Mariposa,16,23
06045,CA,Mendocino,15,24
06047,CA,Merced,14,27
06049,CA,Modoc,17,24
06051,CA,Mono,11,17
06053,CA,Monterey,10,21
06055,CA,Napa,10,17
06057,CA,Nevada,14,21
06059,CA,Orange,10,18
06061,CA,Placer,12,18
06063,CA,Plumas,18,26
06065,CA,Riverside,10,20
06067,CA,Sacramento,16,22
06069,CA,San Benito,6,18
06071,CA,San Bernardino,11,21
06073,CA,San Diego,12,19
06075,CA,San Francisco,16,17
06077,CA,San Joaquin,14,23
06079,CA,San Luis Obispo,13,19
06081,CA,San Mateo,10,15
06083,CA,Santa Barbara,10,19
06085,CA,Santa Clara,11,16
06087,CA,Santa Cruz,13,20
06089,CA,Shasta,18,26
06091,CA,Sierra,16,25
06093,CA,Siskiyou,20,28
06095,CA,Solano,15,20
06097,CA,Sonoma,12,18
06099,CA,Stanislaus,13,24
06101,CA,Sutter,16,25
06103,CA,Tehama,15,25
06105,CA,Trinity,18,26
06107,CA,Tulare,13,27
06109,CA,Tuolumne,16,23
06111,CA,Ventura,8,17
06113,CA,Yolo,15,20
06115,CA,Yuba,17,26
08001,CO,Adams,9,16
08003,CO,Alamosa,12,22
08005,CO,Arapahoe,13,16
08007,CO,Archuleta,11,19
08009,CO,Baca,14,21
08011,CO,Bent,13,23
08013,CO,Boulder,13,15
08014,CO,Broomfield,11,14
08015,CO,Chaffee,12,17
08017,CO,Cheyenne,11,14
08019,CO,Clear Creek,12,16
08021,CO,Conejos,6,17
08023,CO,Costilla,6,22
08025,CO,Crowley,14,21
08027,CO,Custer,15,21
08029,CO,Delta,14,21
08031,CO,Denver,13,17
08033,CO,Dolores,15,22
08035,CO,Douglas,9,13
08037,CO,Eagle,8,13
08039,CO,Elbert,10,16
08041,CO,El Paso,14,17
08043,CO,Fremont,16,24
08045,CO,Garfield,10,16
08047,CO,Gilpin,11,14
08049,CO,Grand,13,17
08051,CO,Gunnison,15,18
08053,CO,Hinsdale,13,18
08055,CO,Huerfano,12,19
08057,CO,Jackson,12,18
08059,CO,Jefferson,11,15
08061,CO,Kiowa,13,17
08063,CO,Kit Carson,12,19
08065,CO,Lake,9,14
08067,CO,La Plata,12,16
08069,CO,Larimer,13,16
08071,CO,Las Animas,9,16
08073,CO,Lincoln,14,19
08075,CO,Logan,13,20
08077,CO,Mesa,14,20
08079,CO,Mineral,10,17
08081,CO,Moffat,12,17
08083,CO,Montezuma,15,24
08085,CO,Montrose,13,21
08087,CO,Morgan,9,15
08089,CO,Otero,12,23
08091,CO,Ouray,13,17
08093,CO,Park,11,16
08095,CO,Phillips,12,16
08097,CO,Pitkin,13,15
08099,CO,Prowers,10,18
08101,CO,Pueblo,11,19
08103,CO,Rio Blanco,15,21
08105,CO,Rio Grande,10,20
08107,CO,Routt,13,15
08109,CO,Saguache,11,22
08111,CO,San Juan,13,18
08113,CO,San Miguel,14,16
08115,CO,Sedgwick,13,19
08117,CO,Summit,12,16
08119,CO,Teller,12,16
08121,CO,Washington,12,16
08123,CO,Weld,9,16
08125,CO,Yuma,12,17
09001,CT,Fairfield,10,14
09003,CT,Hartford,12,16
09005,CT,Litchfield,10,15
09007,CT,Middlesex,10,14
09009,CT,New Haven,13,17
09011,CT,New London,12,18
09013,CT,Tolland,11,15
09015,CT,Windham,12,18
10001,DE,Kent,13,18
10003,DE,New Castle,12,15
10005,DE,Sussex,10,18
11001,DC,District of Columbia,13,24
12001,FL,Alachua,20,22
12003,FL,Baker,17,24
12005,FL,Bay,18,24
12007,FL,Bradford,19,24
12009,FL,Brevard,16,23
12011,FL,Broward,15,19
12013,FL,Calhoun,17,24
12015,FL,Charlotte,15,23
12017,FL,Citrus,16,28
12019,FL,Clay,14,20
12021,FL,Collier,11,21
12023,FL,Columbia,18,26
12027,FL,DeSoto,16,27
12029,FL,Dixie,18,26
12031,FL,Duval,20,23
12033,FL,Escambia,19,24
12035,FL,Flagler,15,24
12037,FL,Franklin,18,26
12039,FL,Gadsden,25,27
12041,FL,Gilchrist,17,28
12043,FL,Glades,16,25
12045,FL,Gulf,17,23
12047,FL,Hamilton,22,28
12049,FL,Hardee,13,26
12051,FL,Hendry,13,25
12053,FL,Hernando,15,25
12055,FL,Highlands,16,26
12057,FL,Hillsborough,15,21
12059,FL,Holmes,19,30
12061,FL,Indian River,15,24
12063,FL,Jackson,20,27
12065,FL,Jefferson,20,22
12067,FL,Lafayette,16,22
12069,FL,Lake,14,22
12071,FL,Lee,14,23
12073,FL,Leon,22,21
12075,FL,Levy,17,28
12077,FL,Liberty,18,22
12079,FL,Madison,22,25
12081,FL,Manatee,14,22
12083,FL,Marion,16,26
12085,FL,Martin,13,21
12086,FL,Miami-Dade,9,21
12087,FL,Monroe,12,20
12089,FL,Nassau,15,23
12091,FL,Okaloosa,16,23
12093,FL,Okeechobee,16,28
12095,FL,Orange,15,21
12097,FL,Osceola,10,22
12099,FL,Palm Beach,14,21
12101,FL,Pasco,14,22
12103,FL,Pinellas,16,22
12105,FL,Polk,16,24
12107,FL,Putnam,20,30
12109,FL,St. Johns,13,19
12111,FL,St. Lucie,16,24
12113,FL,Santa Rosa,15,22
12115,FL,Sarasota,14,21
12117,FL,Seminole,13,20
12119,FL,Sumter,14,26
12121,FL,Suwannee,19,29
12123,FL,Taylor,18,22
12125,FL,Union,19,26
12127,FL,Volusia,16,24
12129,FL,Wakulla,16,23
12131,FL,Walton,16,25
12133,FL,Washington,19,27
13001,GA,Appling,15,24
13003,GA,Atkinson,13,25
13005,GA,Bacon,14,23
13007,GA,Baker,20,27
13009,GA,Baldwin,24,29
13011,GA,Banks,11,24
13013,GA,Barrow,11,22
13015,GA,Bartow,13,23
13017,GA,Ben Hill,23,32
13019,GA,Berrien,16,27
13021,GA,Bibb,23,27
13023,GA,Bleckley,18,28
13025,GA,Brantley,14,26
13027,GA,Brooks,19,27
13029,GA,Bryan,12,22
13031,GA,Bulloch,22,26
13033,GA,Burke,23,29
13035,GA,Butts,17,26
13037,GA,Calhoun,26,30
13039,GA,Camden,14,22
13043,GA,Candler,18,29
13045,GA,Carroll,16,25
13047,GA,Catoosa,11,22
13049,GA,Charlton,13,23
13051,GA,Chatham,19,24
13053,GA,Chattahoochee,17,23
13055,GA,Chattooga,16,28
13057,GA,Cherokee,9,20
13059,GA,Clarke,22,26
13061,GA,Clay,29,35
13063,GA,Clayton,23,25
13065,GA,Clinch,21,30
13067,GA,Cobb,12,19
13069,GA,Coffee,17,26
13071,GA,Colquitt,16,27
13073,GA,Columbia,10,19
13075,GA,Cook,18,25
13077,GA,Coweta,12,21
13079,GA,Crawford,15,24
13081,GA,Crisp,23,29
13083,GA,Dade,11,25
13085,GA,Dawson,10,23
13087,GA,Decatur,21,27
13089,GA,DeKalb,16,23
13091,GA,Dodge,19,28
13093,GA,Dooly,22,27
13095,GA,Dougherty,27,28
13097,GA,Douglas,16,21
13099,GA,Early,22,27
13101,GA,Echols,11,27
13103,GA,Effingham,11,20
13105,GA,Elbert,17,25
13107,GA,Emanuel,21,30
13109,GA,Evans,17,27
13111,GA,Fannin,13,29
13113,GA,Fayette,10,18
13115,GA,Floyd,15,25
13117,GA,Forsyth,6,17
13119,GA,Franklin,15,27
13121,GA,Fulton,19,21
13123,GA,Gilmer,12,30
13125,GA,Glascock,13,27
13127,GA,Glynn,16,24
13129,GA,Gordon,12,25
13131,GA,Grady,19,30
13133,GA,Greene,18,28
13135,GA,Gwinnett,11,20
13137,GA,Habersham,10,24
13139,GA,Hall,9,22
13141,GA,Hancock,26,30
13143,GA,Haralson,14,27
13145,GA,Harris,11,20
13147,GA,Hart,16,25
13149,GA,Heard,15,27
13151,GA,Henry,15,21
13153,GA,Houston,16,23
13155,GA,Irwin,19,28
13157,GA,Jackson,10,21
13159,GA,Jasper,15,25
13161,GA,Jeff Davis,14,26
13163,GA,Jefferson,24,31
13165,GA,Jenkins,21,33
13167,GA,Johnson,19,27
13169,GA,Jones,14,23
13171,GA,Lamar,19,26
13173,GA,Lanier,18,27
13175,GA,Laurens,21,28
13177,GA,Lee,13,22
13179,GA,Liberty,18,23
13181,GA,Lincoln,19,28
13183,GA,Long,15,23
13185,GA,Lowndes,21,25
13187,GA,Lumpkin,13,24
13189,GA,McDuffie,21,29
13191,GA,McIntosh,17,27
13193,GA,Macon,25,26
13195,GA,Madison,13,24
13197,GA,Marion,18,26
13199,GA,Meriwether,20,26
13201,GA,Miller,19,28
13205,GA,Mitchell,22,27
13207,GA,Monroe,14,20
13209,GA,Montgomery,18,28
13211,GA,Morgan,13,22
13213,GA,Murray,12,25
13215,GA,Muscogee,21,25
13217,GA,Newton,17,22
13219,GA,Oconee,8,19
13221,GA,Oglethorpe,13,24
13223,GA,Paulding,11,21
13225,GA,Peach,20,25
13227,GA,Pickens,10,23
13229,GA,Pierce,14,27
13231,GA,Pike,11,22
13233,GA,Polk,14,26
13235,GA,Pulaski,18,27
13237,GA,Putnam,16,24
13239,GA,Quitman,21,28
13241,GA,Rabun,13,28
13243,GA,Randolph,26,32
13245,GA,Richmond,23,27
13247,GA,Rockdale,17,21
13249,GA,Schley,17,27
13251,GA,Screven,21,27
13253,GA,Seminole,18,26
13255,GA,Spalding,19,27
13257,GA,Stephens,15,25
13259,GA,Stewart,21,32
13261,GA,Sumter,24,31
13263,GA,Talbot,20,21
13265,GA,Taliaferro,24,31
13267,GA,Tattnall,18,28
13269,GA,Taylor,22,31
13271,GA,Telfair,20,32
13273,GA,Terrell,26,32
13275,GA,Thomas,20,25
13277,GA,Tift,19,28
13279,GA,Toombs,18,27
13281,GA,Towns,13,28
13283,GA,Treutlen,18,26
13285,GA,Troup,19,25
13287,GA,Turner,19,28
13289,GA,Twiggs,22,27
13291,GA,Union,10,24
13293,GA,Upson,19,28
13295,GA,Walker,13,25
13297,GA,Walton,13,23
13299,GA,Ware,20,30
13301,GA,Warren,24,28
13303,GA,Washington,22,26
13305,GA,Wayne,16,24
13307,GA,Webster,21,26
13309,GA,Wheeler,23,32
13311,GA,White,12,28
13313,GA,Whitfield,8,23
13315,GA,Wilcox,19,26
13317,GA,Wilkes,21,30
13319,GA,Wilkinson,17,25
13321,GA,Worth,17,25
15001,HI,Hawaii,13,24
15003,HI,Honolulu,12,19
15005,HI,Kalawao,20,24
15007,HI,Kauai,12,19
15009,HI,Maui,12,19
16001,ID,Ada,13,16
16003,ID,Adams,16,20
16005,ID,Bannock,15,18
16007,ID,Bear Lake,13,19
16009,ID,Benewah,17,21
16011,ID,Bingham,11,17
16013,ID,Blaine,10,16
16015,ID,Boise,15,19
16017,ID,Bonner,16,20
16019,ID,Bonneville,12,16
16021,ID,Boundary,15,19
16023,ID,Butte,15,20
16025,ID,Camas,15,21
16027,ID,Canyon,13,19
16029,ID,Caribou,12,14
16031,ID,Cassia,10,16
16033,ID,Clark,9,16
16035,ID,Clearwater,16,21
16037,ID,Custer,17,20
16039,ID,Elmore,15,19
16041,ID,Franklin,12,17
16043,ID,Fremont,11,15
16045,ID,Gem,15,20
16047,ID,Gooding,11,18
16049,ID,Idaho,15,20
16051,ID,Jefferson,11,16
16053,ID,Jerome,10,16
16055,ID,Kootenai,15,18
16057,ID,Latah,18,17
16059,ID,Lemhi,17,23
16061,ID,Lewis,16,20
16063,ID,Lincoln,10,16
16065,ID,Madison,21,19
16067,ID,Minidoka,9,17
16069,ID,Nez Perce,14,17
16071,ID,Oneida,14,19
16073,ID,Owyhee,14,22
16075,ID,Payette,13,18
16077,ID,Power,9,16
16079,ID,Shoshone,18,22
16081,ID,Teton,11,15
16083,ID,Twin Falls,13,17
16085,ID,Valley,16,19
16087,ID,Washington,14,20
17001,IL,Adams,12,19
17003,IL,Alexander,23,31
17005,IL,Bond,12,20
17007,IL,Boone,7,16
17009,IL,Brown,11,15
17011,IL,Bureau,10,19
17013,IL,Calhoun,12,20
17015,IL,Carroll,11,19
17017,IL,Cass,9,18
17019,IL,Champaign,16,18
17021,IL,Christian,13,21
17023,IL,Clark,12,22
17025,IL,Clay,12,22
17027,IL,Clinton,9,16
17029,IL,Coles,16,22
17031,IL,Cook,13,17
17033,IL,Crawford,11,19
17035,IL,Cumberland,12,20
17037,IL,DeKalb,13,19
17039,IL,De Witt,11,19
17041,IL,Douglas,9,17
17043,IL,DuPage,12,17
17045,IL,Edgar,13,22
17047,IL,Edwards,11,19
17049,IL,Effingham,10,18
17051,IL,Fayette,13,23
17053,IL,Ford,11,20
17055,IL,Franklin,14,24
17057,IL,Fulton,13,21
17059,IL,Gallatin,13,21
17061,IL,Greene,13,21
17063,IL,Grundy,9,16
17065,IL,Hamilton,12,18
17067,IL,Hancock,11,20
17069,IL,Hardin,14,22
17071,IL,Henderson,11,20
17073,IL,Henry,10,17
17075,IL,Iroquois,11,21
17077,IL,Jackson,19,22
17079,IL,Jasper,10,17
17081,IL,Jefferson,14,22
17083,IL,Jersey,10,17
17085,IL,Jo Daviess,10,17
17087,IL,Johnson,13,21
17089,IL,Kane,6,15
17091,IL,Kankakee,14,19
17093,IL,Kendall,6,13
17095,IL,Knox,14,22
17097,IL,Lake,7,14
17099,IL,LaSalle,12,17
17101,IL,Lawrence,14,21
17103,IL,Lee,11,17
17105,IL,Livingston,11,19
17107,IL,Logan,13,20
17109,IL,McDonough,16,20
17111,IL,McHenry,7,15
17113,IL,McLean,12,15
17115,IL,Macon,16,22
17117,IL,Macoupin,12,20
17119,IL,Madison,13,18
17121,IL,Marion,14,24
17123,IL,Marshall,10,19
17125,IL,Mason,13,22
17127,IL,Massac,15,22
17129,IL,Menard,10,18
17131,IL,Mercer,10,18
17133,IL,Monroe,8,15
17135,IL,Montgomery,14,22
17137,IL,Morgan,13,19
17139,IL,Moultrie,11,20
17141,IL,Ogle,10,17
17143,IL,Peoria,16,20
17145,IL,Perry,14,23
17147,IL,Piatt,8,16
17149,IL,Pike,11,18
17151,IL,Pope,12,21
17153,IL,Pulaski,19,22
17155,IL,Putnam,10,21
17157,IL,Randolph,12,18
17159,IL,Richland,13,20
17161,IL,Rock Island,12,19
17163,IL,St. Clair,17,20
17165,IL,Saline,16,25
17167,IL,Sangamon,14,19
17169,IL,Schuyler,13,18
17171,IL,Scott,12,20
17173,IL,Shelby,11,18
17175,IL,Stark,11,20
17177,IL,Stephenson,14,21
17179,IL,Tazewell,10,17
17181,IL,Union,13,21
17183,IL,Vermilion,15,22
17185,IL,Wabash,12,19
17187,IL,Warren,11,19
17189,IL,Washington,10,17
17191,IL,Wayne,12,22
17193,IL,White,12,20
17195,IL,Whiteside,10,18
17197,IL,Will,8,14
17199,IL,Williamson,13,20
17201,IL,Winnebago,14,20
17203,IL,Woodford,9,17
18001,IN,Adams,12,20
18003,IN,Allen,14,19
18005,IN,Bartholomew,12,17
18007,IN,Benton,12,18
18009,IN,Blackford,14,21
18011,IN,Boone,10,14
18013,IN,Brown,12,19
18015,IN,Carroll,11,16
18017,IN,Cass,11,19
18019,IN,Clark,13,17
18021,IN,Clay,13,19
18023,IN,Clinton,10,18
18025,IN,Crawford,15,23
18027,IN,Daviess,12,18
18029,IN,Dearborn,12,18
18031,IN,Decatur,13,20
18033,IN,DeKalb,14,19
18035,IN,Delaware,17,22
18037,IN,Dubois,10,16
18039,IN,Elkhart,12,18
18041,IN,Fayette,16,24
18043,IN,Floyd,13,18
18045,IN,Fountain,13,19
18047,IN,Franklin,12,17
18049,IN,Fulton,12,19
18051,IN,Gibson,12,17
18053,IN,Grant,16,22
18055,IN,Greene,14,20
18057,IN,Hamilton,9,13
18059,IN,Hancock,10,15
18061,IN,Harrison,12,17
18063,IN,Hendricks,10,13
18065,IN,Henry,14,21
18067,IN,Howard,15,21
18069,IN,Huntington,12,18
18071,IN,Jackson,12,19
18073,IN,Jasper,11,17
18075,IN,Jay,14,21
18077,IN,Jefferson,14,20
18079,IN,Jennings,14,20
18081,IN,Johnson,12,16
18083,IN,Knox,15,21
18085,IN,Kosciusko,11,17
18087,IN,Lagrange,11,18
18089,IN,Lake,15,20
18091,IN,LaPorte,14,19
18093,IN,Lawrence,13,20
18095,IN,Madison,15,21
18097,IN,Marion,19,20
18099,IN,Marshall,11,17
18101,IN,Martin,12,19
18103,IN,Miami,14,20
18105,IN,Monroe,18,19
18107,IN,Montgomery,13,20
18109,IN,Morgan,12,19
18111,IN,Newton,13,21
18113,IN,Noble,11,17
18115,IN,Ohio,12,17
18117,IN,Orange,15,22
18119,IN,Owen,14,21
18121,IN,Parke,14,20
18123,IN,Perry,13,18
18125,IN,Pike,11,19
18127,IN,Porter,11,17
18129,IN,Posey,11,17
18131,IN,Pulaski,13,20
18133,IN,Putnam,13,19
18135,IN,Randolph,14,22
18137,IN,Ripley,12,17
18139,IN,Rush,14,22
18141,IN,St. Joseph,15,20
18143,IN,Scott,14,23
18145,IN,Shelby,12,18
18147,IN,Spencer,11,17
18149,IN,Starke,13,22
18151,IN,Steuben,11,17
18153,IN,Sullivan,15,23
18155,IN,Switzerland,15,24
18157,IN,Tippecanoe,16,18
18159,IN,Tipton,11,19
18161,IN,Union,12,18
18163,IN,Vanderburgh,16,20
18165,IN,Vermillion,14,20
18167,IN,Vigo,17,23
18169,IN,Wabash,13,21
18171,IN,Warren,11,18
18173,IN,Warrick,11,17
18175,IN,Washington,13,20
18177,IN,Wayne,16,24
18179,IN,Wells,11,18
18181,IN,White,10,16
18183,IN,Whitley,10,16
19001,IA,Adair,11,17
19003,IA,Adams,11,16
19005,IA,Allamakee,11,18
19007,IA,Appanoose,13,19
19009,IA,Audubon,11,17
19011,IA,Benton,11,17
19013,IA,Black Hawk,15,18
19015,IA,Boone,11,16
19017,IA,Bremer,10,15
19019,IA,Buchanan,11,17
19021,IA,Buena Vista,8,15
19023,IA,Butler,11,17
19025,IA,Calhoun,13,20
19027,IA,Carroll,11,15
19029,IA,Cass,13,20
19031,IA,Cedar,10,15
19033,IA,Cerro Gordo,12,18
19035,IA,Cherokee,12,18
19037,IA,Chickasaw,11,17
19039,IA,Clarke,12,20
19041,IA,Clay,12,19
19043,IA,Clayton,11,18
19045,IA,Clinton,13,19
19047,IA,Crawford,9,19
19049,IA,Dallas,9,13
19051,IA,Davis,13,22
19053,IA,Decatur,15,21
19055,IA,Delaware,11,17
19057,IA,Des Moines,14,20
19059,IA,Dickinson,10,15
19061,IA,Dubuque,12,17
19063,IA,Emmet,11,17
19065,IA,Fayette,12,19
19067,IA,Floyd,12,19
19069,IA,Franklin,10,18
19071,IA,Fremont,11,18
19073,IA,Greene,12,18
19075,IA,Grundy,10,15
19077,IA,Guthrie,11,17
19079,IA,Hamilton,12,18
19081,IA,Hancock,10,16
19083,IA,Hardin,11,16
19085,IA,Harrison,11,16
19087,IA,Henry,13,20
19089,IA,Howard,11,17
19091,IA,Humboldt,12,18
19093,IA,Ida,11,17
19095,IA,Iowa,10,17
19097,IA,Jackson,12,18
19099,IA,Jasper,12,16
19101,IA,Jefferson,13,19
19103,IA,Johnson,14,15
19105,IA,Jones,11,18
19107,IA,Keokuk,12,19
19109,IA,Kossuth,10,16
19111,IA,Lee,14,21
19113,IA,Linn,12,15
19115,IA,Louisa,9,17
19117,IA,Lucas,12,18
19119,IA,Lyon,9,14
19121,IA,Madison,11,15
19123,IA,Mahaska,13,18
19125,IA,Marion,11,16
19127,IA,Marshall,9,16
19129,IA,Mills,10,15
19131,IA,Mitchell,10,15
19133,IA,Monona,13,20
19135,IA,Monroe,13,18
19137,IA,Montgomery,13,21
19139,IA,Muscatine,9,16
19141,IA,O'Brien,10,15
19143,IA,Osceola,9,15
19145,IA,Page,13,19
19147,IA,Palo Alto,11,17
19149,IA,Plymouth,9,15
19151,IA,Pocahontas,12,18
19153,IA,Polk,12,17
19155,IA,Pottawattamie,12,18
19157,IA,Poweshiek,12,16
19159,IA,Ringgold,11,16
19161,IA,Sac,10,15
19163,IA,Scott,13,17
19165,IA,Shelby,11,16
19167,IA,Sioux,8,14
19169,IA,Story,16,15
19171,IA,Tama,10,17
19173,IA,Taylor,11,17
19175,IA,Union,13,19
19177,IA,Van Buren,12,20
19179,IA,Wapello,13,20
19181,IA,Warren,10,15
19183,IA,Washington,10,16
19185,IA,Wayne,12,18
19187,IA,Webster,14,19
19189,IA,Winnebago,11,16
19191,IA,Winneshiek,11,15
19193,IA,Woodbury,11,17
19195,IA,Worth,12,17
19197,IA,Wright,10,16
20001,KS,Allen,16,23
20003,KS,Anderson,15,25
20005,KS,Atchison,17,25
20007,KS,Barber,13,20
20009,KS,Barton,13,21
20011,KS,Bourbon,16,25
20013,KS,Brown,15,23
20015,KS,Butler,13,20
20017,KS,Chase,13,20
20019,KS,Chautauqua,15,25
20021,KS,Cherokee,15,23
20023,KS,Cheyenne,10,18
20025,KS,Clark,12,19
20027,KS,Clay,12,21
20029,KS,Cloud,14,20
20031,KS,Coffey,13,21
20033,KS,Comanche,11,18
20035,KS,Cowley,14,22
20037,KS,Crawford,17,22
20039,KS,Decatur,13,21
20041,KS,Dickinson,13,20
20043,KS,Doniphan,14,22
20045,KS,Douglas,17,19
20047,KS,Edwards,9,18
20049,KS,Elk,15,23
20051,KS,Ellis,14,18
20053,KS,Ellsworth,12,17
20055,KS,Finney,7,18
20057,KS,Ford,6,18
20059,KS,Franklin,14,21
20061,KS,Geary,18,22
20063,KS,Gove,11,17
20065,KS,Graham,13,20
20067,KS,Grant,3,13
20069,KS,Gray,9,17
20071,KS,Greeley,8,15
20073,KS,Greenwood,14,23
20075,KS,Hamilton,7,18
20077,KS,Harper,13,21
20079,KS,Harvey,12,20
20081,KS,Haskell,8,18
20083,KS,Hodgeman,10,16
20085,KS,Jackson,12,18
20087,KS,Jefferson,11,18
20089,KS,Jewell,14,24
20091,KS,Johnson,11,16
20093,KS,Kearny,7,15
20095,KS,Kingman,13,20
20097,KS,Kiowa,14,20
20099,KS,Labette,16,24
20101,KS,Lane,11,17
20103,KS,Leavenworth,14,20
20105,KS,Lincoln,12,19
20107,KS,Linn,14,20
20109,KS,Logan,11,17
20111,KS,Lyon,14,21
20113,KS,McPherson,11,17
20115,KS,Marion,12,19
20117,KS,Marshall,12,19
20119,KS,Meade,10,19
20121,KS,Miami,12,19
20123,KS,Mitchell,13,19
20125,KS,Montgomery,17,25
20127,KS,Morris,12,19
20129,KS,Morton,10,18
20131,KS,Nemaha,12,19
20133,KS,Neosho,16,27
20135,KS,Ness,11,21
20137,KS,Norton,11,17
20139,KS,Osage,13,20
20141,KS,Osborne,14,23
20143,KS,Ottawa,11,18
20145,KS,Pawnee,12,16
20147,KS,Phillips,12,20
20149,KS,Pottawatomie,11,17
20151,KS,Pratt,13,21
20153,KS,Rawlins,12,19
20155,KS,Reno,13,20
20157,KS,Republic,13,21
20159,KS,Rice,12,19
20161,KS,Riley,18,18
20163,KS,Rooks,14,22
20165,KS,Rush,12,17
20167,KS,Russell,13,21
20169,KS,Saline,14,21
20171,KS,Scott,9,14
20173,KS,Sedgwick,14,20
20175,KS,Seward,5,18
20177,KS,Shawnee,14,20
20179,KS,Sheridan,10,19
20181,KS,Sherman,14,22
20183,KS,Smith,13,22
20185,KS,Stafford,11,21
20187,KS,Stanton,5,13
20189,KS,Stevens,8,20
20191,KS,Sumner,13,20
20193,KS,Thomas,12,16
20195,KS,Trego,11,16
20197,KS,Wabaunsee,10,17
20199,KS,Wallace,11,17
20201,KS,Washington,12,20
20203,KS,Wichita,7,14
20205,KS,Wilson,16,26
20207,KS,Woodson,16,27
20209,KS,Wyandotte,17,24
21001,KY,Adair,16,23
21003,KY,Allen,14,19
21005,KY,Anderson,11,15
21007,KY,Ballard,14,21
21009,KY,Barren,15,20
21011,KY,Bath,17,24
21013,KY,Bell,22,30
21015,KY,Boone,10,14
21017,KY,Bourbon,14,18
21019,KY,Boyd,16,23
21021,KY,Boyle,15,18
21023,KY,Bracken,14,21
21025,KY,Breathitt,20,28
21027,KY,Breckinridge,14,19
21029,KY,Bullitt,11,16
21031,KY,Butler,17,26
21033,KY,Caldwell,15,22
21035,KY,Calloway,16,18
21037,KY,Campbell,13,17
21039,KY,Carlisle,14,24
21041,KY,Carroll,17,24
21043,KY,Carter,16,22
21045,KY,Casey,15,22
21047,KY,Christian,19,20
21049,KY,Clark,14,18
21051,KY,Clay,22,30
21053,KY,Clinton,17,23
21055,KY,Crittenden,15,21
21057,KY,Cumberland,17,23
21059,KY,Daviess,14,18
21061,KY,Edmonson,14,18
21063,KY,Elliott,19,28
21065,KY,Estill,18,25
21067,KY,Fayette,16,16
21069,KY,Fleming,15,20
21071,KY,Floyd,19,28
21073,KY,Franklin,15,18
21075,KY,Fulton,22,22
21077,KY,Gallatin,13,19
21079,KY,Garrard,14,22
21081,KY,Grant,14,21
21083,KY,Graves,14,18
21085,KY,Grayson,16,24
21087,KY,Green,14,19
21089,KY,Greenup,15,21
21091,KY,Hancock,13,20
21093,KY,Hardin,15,18
21095,KY,Harlan,21,29
21097,KY,Harrison,15,20
21099,KY,Hart,16,22
21101,KY,Henderson,16,20
21103,KY,Henry,14,20
21105,KY,Hickman,14,19
21107,KY,Hopkins,15,20
21109,KY,Jackson,19,27
21111,KY,Jefferson,16,17
21113,KY,Jessamine,14,20
21115,KY,Johnson,17,24
21117,KY,Kenton,13,18
21119,KY,Knott,18,27
21121,KY,Knox,20,29
21123,KY,Larue,14,21
21125,KY,Laurel,16,23
21127,KY,Lawrence,17,23
21129,KY,Lee,19,25
21131,KY,Leslie,19,25
21133,KY,Letcher,19,28
21135,KY,Lewis,18,27
21137,KY,Lincoln,16,23
21139,KY,Livingston,13,18
21141,KY,Logan,15,20
21143,KY,Lyon,13,21
21151,KY,Madison,16,18
21153,KY,Magoffin,22,31
21155,KY,Marion,15,19
21157,KY,Marshall,12,17
21159,KY,Martin,21,29
21161,KY,Mason,16,20
21145,KY,McCracken,16,19
21147,KY,McCreary,22,29
21149,KY,McLean,14,23
21163,KY,Meade,14,19
21165,KY,Menifee,18,29
21167,KY,Mercer,14,20
21169,KY,Metcalfe,15,21
21171,KY,Monroe,16,24
21173,KY,Montgomery,17,24
21175,KY,Morgan,18,26
21177,KY,Muhlenberg,15,22
21179,KY,Nelson,13,19
21181,KY,Nicholas,16,24
21183,KY,Ohio,15,23
21185,KY,Oldham,8,12
21187,KY,Owen,13,18
21189,KY,Owsley,21,27
21191,KY,Pendleton,13,19
21193,KY,Perry,18,23
21195,KY,Pike,17,24
21197,KY,Powell,18,23
21199,KY,Pulaski,17,23
21201,KY,Robertson,15,25
21203,KY,Rockcastle,16,23
21205,KY,Rowan,17,23
21207,KY,Russell,19,27
21209,KY,Scott,12,15
21211,KY,Shelby,12,15
21213,KY,Simpson,16,20
21215,KY,Spencer,10,13
21217,KY,Taylor,17,24
21219,KY,Todd,14,18
21221,KY,Trigg,14,21
21223,KY,Trimble,13,19
21225,KY,Union,19,22
21227,KY,Warren,16,18
21229,KY,Washington,13,17
21231,KY,Wayne,18,25
21233,KY,Webster,14,20
21235,KY,Whitley,18,24
21237,KY,Wolfe,23,32
21239,KY,Woodford,11,16
22001,LA,Acadia,15,23
22003,LA,Allen,14,23
22005,LA,Ascension,11,18
22007,LA,Assumption,15,22
22009,LA,Avoyelles,18,25
22011,LA,Beauregard,13,24
22013,LA,Bienville,21,28
22015,LA,Bossier,13,20
22017,LA,Caddo,20,24
22019,LA,Calcasieu,15,22
22021,LA,Caldwell,16,26
22023,LA,Cameron,7,18
22025,LA,Catahoula,18,26
22027,LA,Claiborne,21,28
22029,LA,Concordia,23,29
22031,LA,De Soto,19,27
22033,LA,East Baton Rouge,18,21
22035,LA,East Carroll,34,37
22037,LA,East Feliciana,17,22
22039,LA,Evangeline,19,27
22041,LA,Franklin,21,31
22043,LA,Grant,13,24
22045,LA,Iberia,17,25
22047,LA,Iberville,18,21
22049,LA,Jackson,18,27
22051,LA,Jefferson,13,22
22053,LA,Jefferson Davis,15,24
22059,LA,La Salle,17,23
22055,LA,Lafayette,15,20
22057,LA,Lafourche,12,21
22061,LA,Lincoln,23,25
22063,LA,Livingston,10,21
22065,LA,Madison,28,31
22067,LA,Morehouse,24,30
22069,LA,Natchitoches,22,26
22071,LA,Orleans,23,25
22073,LA,Ouachita,20,26
22075,LA,Plaquemines,13,21
22077,LA,Pointe Coupee,16,22
22079,LA,Rapides,17,24
22081,LA,Red River,18,22
22083,LA,Richland,19,25
22085,LA,Sabine,14,24
22087,LA,St. Bernard,14,24
22089,LA,St. Charles,12,18
22091,LA,St. Helena,21,25
22093,LA,St. James,18,22
22095,LA,St. John the Baptist,18,21
22097,LA,St. Landry,21,27
22099,LA,St. Martin,15,23
22101,LA,St. Mary,17,25
22103,LA,St. Tammany,10,19
22105,LA,Tangipahoa,17,24
22107,LA,Tensas,26,30
22109,LA,Terrebonne,14,23
22111,LA,Union,17,30
22113,LA,Vermilion,14,23
22115,LA,Vernon,14,23
22117,LA,Washington,19,25
22119,LA,Webster,19,27
22121,LA,West Baton Rouge,16,22
22123,LA,West Carroll,20,34
22125,LA,West Feliciana,16,23
22127,LA,Winn,20,27
25001,MA,Barnstable,9,15
25003,MA,Berkshire,11,17
25005,MA,Bristol,12,16
25007,MA,Dukes,11,18
25009,MA,Essex,8,13
25011,MA,Franklin,10,14
25013,MA,Hampden,11,17
25015,MA,Hampshire,11,13
25017,MA,Middlesex,9,11
25019,MA,Nantucket,10,14
25021,MA,Norfolk,9,10
25023,MA,Plymouth,9,13
25025,MA,Suffolk,15,15
25027,MA,Worcester,10,14
24001,MD,Allegany,14,24
24003,MD,Anne Arundel,8,15
24510,MD,Baltimore,12,17
24005,MD,Baltimore,12,17
24009,MD,Calvert,7,15
24011,MD,Caroline,12,22
24013,MD,Carroll,6,16
24015,MD,Cecil,9,19
24017,MD,Charles,12,15
24019,MD,Dorchester,15,23
24021,MD,Frederick,7,16
24023,MD,Garrett,10,23
24025,MD,Harford,8,17
24027,MD,Howard,7,13
24029,MD,Kent,11,20
24031,MD,Montgomery,6,13
24033,MD,Prince George's,14,14
24035,MD,Queen Anne's,7,17
24039,MD,Somerset,20,27
24037,MD,St. Mary's,9,17
24041,MD,Talbot,10,19
24043,MD,Washington,12,21
24045,MD,Wicomico,15,21
24047,MD,Worcester,13,23
23001,ME,Androscoggin,16,23
23003,ME,Aroostook,17,25
23005,ME,Cumberland,14,19
23007,ME,Franklin,14,22
23009,ME,Hancock,15,22
23011,ME,Kennebec,14,21
23013,ME,Knox,13,20
23015,ME,Lincoln,13,21
23017,ME,Oxford,15,24
23019,ME,Penobscot,16,22
23021,ME,Piscataquis,17,27
23023,ME,Sagadahoc,13,21
23025,ME,Somerset,16,25
23027,ME,Waldo,15,23
23029,ME,Washington,17,25
23031,ME,York,13,19
26001,MI,Alcona,12,20
26003,MI,Alger,14,18
26005,MI,Allegan,10,15
26007,MI,Alpena,13,20
26009,MI,Antrim,12,20
26011,MI,Arenac,15,23
26013,MI,Baraga,16,21
26015,MI,Barry,10,15
26017,MI,Bay,12,17
26019,MI,Benzie,11,17
26021,MI,Berrien,15,18
26023,MI,Branch,12,19
26025,MI,Calhoun,14,18
26027,MI,Cass,12,17
26029,MI,Charlevoix,12,17
26031,MI,Cheboygan,15,23
26033,MI,Chippewa,16,21
26035,MI,Clare,16,25
26037,MI,Clinton,10,13
26039,MI,Crawford,13,19
26041,MI,Delta,13,19
26043,MI,Dickinson,12,16
26045,MI,Eaton,11,15
26047,MI,Emmet,12,17
26049,MI,Genesee,17,19
26051,MI,Gladwin,14,23
26053,MI,Gogebic,15,23
26055,MI,Grand Traverse,11,15
26057,MI,Gratiot,13,19
26059,MI,Hillsdale,13,21
26061,MI,Houghton,15,17
26063,MI,Huron,11,18
26065,MI,Ingham,16,17
26067,MI,Ionia,11,16
26069,MI,Iosco,14,21
26071,MI,Iron,13,20
26073,MI,Isabella,17,18
26075,MI,Jackson,14,19
26077,MI,Kalamazoo,15,15
26079,MI,Kalkaska,14,19
26081,MI,Kent,12,14
26083,MI,Keweenaw,13,21
26085,MI,Lake,18,27
26087,MI,Lapeer,11,17
26089,MI,Leelanau,10,16
26091,MI,Lenawee,11,17
26093,MI,Livingston,9,13
26095,MI,Luce,15,24
26097,MI,Mackinac,15,22
26099,MI,Macomb,13,16
26101,MI,Manistee,13,21
26103,MI,Marquette,14,17
26105,MI,Mason,13,21
26107,MI,Mecosta,15,21
26109,MI,Menominee,12,20
26111,MI,Midland,12,16
26113,MI,Missaukee,13,19
26115,MI,Monroe,10,15
26117,MI,Montcalm,13,20
26119,MI,Montmorency,14,21
26121,MI,Muskegon,15,18
26123,MI,Newaygo,12,18
26125,MI,Oakland,13,13
26127,MI,Oceana,12,20
26129,MI,Ogemaw,15,24
26131,MI,Ontonagon,13,20
26133,MI,Osceola,14,23
26135,MI,Oscoda,14,23
26137,MI,Otsego,12,18
26139,MI,Ottawa,9,12
26141,MI,Presque Isle,13,21
26143,MI,Roscommon,15,24
26145,MI,Saginaw,15,17
26151,MI,Sanilac,12,19
26153,MI,Schoolcraft,16,25
26155,MI,Shiawassee,12,18
26147,MI,St. Clair,13,18
26149,MI,St. Joseph,12,18
26157,MI,Tuscola,12,19
26159,MI,Van Buren,12,18
26161,MI,Washtenaw,14,13
26163,MI,Wayne,21,21
26165,MI,Wexford,14,20
27001,MN,Aitkin,11,17
27003,MN,Anoka,8,13
27005,MN,Becker,10,16
27007,MN,Beltrami,13,19
27009,MN,Benton,12,17
27011,MN,Big Stone,11,18
27013,MN,Blue Earth,12,14
27015,MN,Brown,8,13
27017,MN,Carlton,11,16
27019,MN,Carver,6,11
27021,MN,Cass,12,22
27023,MN,Chippewa,10,17
27025,MN,Chisago,7,12
27027,MN,Clay,10,13
27029,MN,Clearwater,14,22
27031,MN,Cook,10,18
27033,MN,Cottonwood,10,18
27035,MN,Crow Wing,11,17
27037,MN,Dakota,8,12
27039,MN,Dodge,7,13
27041,MN,Douglas,9,14
27043,MN,Faribault,10,17
27045,MN,Fillmore,10,16
27047,MN,Freeborn,8,15
27049,MN,Goodhue,9,15
27051,MN,Grant,9,15
27053,MN,Hennepin,11,13
27055,MN,Houston,9,16
27057,MN,Hubbard,10,18
27059,MN,Isanti,8,13
27061,MN,Itasca,11,19
27063,MN,Jackson,9,16
27065,MN,Kanabec,12,20
27067,MN,Kandiyohi,9,14
27069,MN,Kittson,9,16
27071,MN,Koochiching,13,20
27073,MN,Lac qui Parle,9,14
27075,MN,Lake,10,19
27077,MN,Lake of the Woods,9,14
27079,MN,Le Sueur,8,14
27081,MN,Lincoln,9,13
27083,MN,Lyon,10,15
27087,MN,Mahnomen,14,23
27089,MN,Marshall,9,15
27091,MN,Martin,10,16
27085,MN,McLeod,8,14
27093,MN,Meeker,9,15
27095,MN,Mille Lacs,11,17
27097,MN,Morrison,10,16
27099,MN,Mower,9,15
27101,MN,Murray,9,14
27103,MN,Nicollet,9,13
27105,MN,Nobles,7,14
27107,MN,Norman,10,17
27109,MN,Olmsted,9,12
27111,MN,Otter Tail,9,14
27113,MN,Pennington,10,15
27115,MN,Pine,11,18
27117,MN,Pipestone,10,15
27119,MN,Polk,10,16
27121,MN,Pope,9,14
27123,MN,Ramsey,13,16
27125,MN,Red Lake,10,15
27127,MN,Redwood,10,16
27129,MN,Renville,9,16
27131,MN,Rice,9,14
27133,MN,Rock,9,14
27135,MN,Roseau,10,16
27139,MN,Scott,6,11
27141,MN,Sherburne,8,13
27143,MN,Sibley,8,15
27137,MN,St. Louis,12,17
27145,MN,Stearns,11,14
27147,MN,Steele,8,14
27149,MN,Stevens,11,13
27151,MN,Swift,11,18
27153,MN,Todd,10,17
27155,MN,Traverse,9,15
27157,MN,Wabasha,8,13
27159,MN,Wadena,12,19
27161,MN,Waseca,9,13
27163,MN,Washington,7,11
27165,MN,Watonwan,6,13
27167,MN,Wilkin,9,14
27169,MN,Winona,11,14
27171,MN,Wright,7,12
27173,MN,Yellow Medicine,9,15
29001,MO,Adair,19,20
29003,MO,Andrew,11,15
29005,MO,Atchison,14,19
29007,MO,Audrain,16,21
29009,MO,Barry,14,22
29011,MO,Barton,16,24
29013,MO,Bates,15,22
29015,MO,Benton,15,23
29017,MO,Bollinger,15,23
29019,MO,Boone,17,16
29021,MO,Buchanan,15,21
29023,MO,Butler,18,23
29025,MO,Caldwell,13,18
29027,MO,Callaway,14,19
29029,MO,Camden,14,23
29031,MO,Cape Girardeau,16,19
29033,MO,Carroll,14,20
29035,MO,Carter,17,24
29037,MO,Cass,12,17
29039,MO,Cedar,17,23
29041,MO,Chariton,14,19
29043,MO,Christian,12,18
29045,MO,Clark,15,21
29047,MO,Clay,12,15
29049,MO,Clinton,12,17
29051,MO,Cole,15,17
29053,MO,Cooper,15,21
29055,MO,Crawford,16,23
29057,MO,Dade,15,22
29059,MO,Dallas,16,25
29061,MO,Daviess,14,20
29063,MO,DeKalb,16,21
29065,MO,Dent,17,24
29067,MO,Douglas,17,26
29069,MO,Dunklin,20,26
29071,MO,Franklin,13,18
29073,MO,Gasconade,14,20
29075,MO,Gentry,14,19
29077,MO,Greene,16,20
29079,MO,Grundy,15,21
29081,MO,Harrison,15,21
29083,MO,Henry,15,23
29085,MO,Hickory,17,28
29087,MO,Holt,13,17
29089,MO,Howard,15,20
29091,MO,Howell,17,24
29093,MO,Iron,18,26
29095,MO,Jackson,18,20
29097,MO,Jasper,14,19
29099,MO,Jefferson,12,17
29101,MO,Johnson,16,19
29103,MO,Knox,15,22
29105,MO,Laclede,16,23
29107,MO,Lafayette,13,18
29109,MO,Lawrence,14,21
29111,MO,Lewis,14,18
29113,MO,Lincoln,14,20
29115,MO,Linn,16,22
29117,MO,Livingston,15,20
29121,MO,Macon,16,23
29123,MO,Madison,16,21
29125,MO,Maries,15,23
29127,MO,Marion,16,21
29119,MO,McDonald,14,21
29129,MO,Mercer,14,20
29131,MO,Miller,15,23
29133,MO,Mississippi,22,26
29135,MO,Moniteau,13,18
29137,MO,Monroe,14,21
29139,MO,Montgomery,15,21
29141,MO,Morgan,17,23
29143,MO,New Madrid,20,25
29145,MO,Newton,13,18
29147,MO,Nodaway,19,22
29149,MO,Oregon,17,26
29151,MO,Osage,11,15
29153,MO,Ozark,17,25
29155,MO,Pemiscot,25,27
29157,MO,Perry,12,17
29159,MO,Pettis,15,20
29161,MO,Phelps,17,21
29163,MO,Pike,15,20
29165,MO,Platte,12,15
29167,MO,Polk,16,21
29169,MO,Pulaski,16,19
29171,MO,Putnam,14,21
29173,MO,Ralls,12,18
29175,MO,Randolph,16,21
29177,MO,Ray,14,21
29179,MO,Reynolds,16,23
29181,MO,Ripley,17,26
29195,MO,Saline,14,20
29197,MO,Schuyler,16,24
29199,MO,Scotland,14,19
29201,MO,Scott,17,21
29203,MO,Shannon,17,26
29205,MO,Shelby,15,23
29183,MO,St. Charles,10,14
29185,MO,St. Clair,17,25
29187,MO,St. Francois,17,22
29510,MO,St. Louis,16,19
29189,MO,St. Louis,16,19
29186,MO,Ste. Genevieve,13,20
29207,MO,Stoddard,15,21
29209,MO,Stone,15,23
29211,MO,Sullivan,12,18
29213,MO,Taney,17,24
29215,MO,Texas,16,23
29217,MO,Vernon,15,23
29219,MO,Warren,13,19
29221,MO,Washington,16,25
29223,MO,Wayne,16,24
29225,MO,Webster,15,22
29227,MO,Worth,13,19
29229,MO,Wright,18,24
28001,MS,Adams,25,30
28003,MS,Alcorn,17,26
28005,MS,Amite,20,26
28007,MS,Attala,22,27
28009,MS,Benton,19,22
28011,MS,Bolivar,29,31
28013,MS,Calhoun,19,27
28015,MS,Carroll,19,25
28017,MS,Chickasaw,22,27
28019,MS,Choctaw,20,26
28021,MS,Claiborne,34,33
28023,MS,Clarke,20,26
28025,MS,Clay,26,28
28027,MS,Coahoma,32,30
28029,MS,Copiah,23,26
28031,MS,Covington,20,26
28033,MS,DeSoto,22,26
28035,MS,Forrest,23,26
28037,MS,Franklin,20,24
28039,MS,George,15,25
28041,MS,Greene,17,21
28043,MS,Grenada,21,25
28045,MS,Hancock,16,26
28047,MS,Harrison,19,26
28049,MS,Hinds,26,24
28051,MS,Holmes,35,34
28053,MS,Humphreys,34,32
28055,MS,Issaquena,35,41
28057,MS,Itawamba,15,25
28059,MS,Jackson,16,23
28061,MS,Jasper,22,25
28063,MS,Jefferson,38,37
28065,MS,Jefferson Davis,27,29
28067,MS,Jones,18,26
28069,MS,Kemper,26,30
28071,MS,Lafayette,20,23
28073,MS,Lamar,16,22
28075,MS,Lauderdale,22,26
28077,MS,Lawrence,19,26
28079,MS,Leake,21,27
28081,MS,Lee,18,23
28083,MS,Leflore,33,33
28085,MS,Lincoln,20,27
28087,MS,Lowndes,22,25
28089,MS,Madison,16,19
28091,MS,Marion,21,29
28093,MS,Marshall,20,25
28095,MS,Monroe,19,26
28097,MS,Montgomery,23,30
28099,MS,Neshoba,19,26
28101,MS,Newton,19,26
28103,MS,Noxubee,29,29
28105,MS,Oktibbeha,25,24
28107,MS,Panola,23,25
28109,MS,Pearl River,16,26
28111,MS,Perry,17,24
28113,MS,Pike,25,27
28115,MS,Pontotoc,14,22
28117,MS,Prentiss,17,26
28119,MS,Quitman,31,34
28121,MS,Rankin,13,19
28123,MS,Scott,19,26
28125,MS,Sharkey,29,26
28127,MS,Simpson,20,26
28129,MS,Smith,18,26
28131,MS,Stone,16,25
28133,MS,Sunflower,31,31
28135,MS,Tallahatchie,19,24
28137,MS,Tate,18,23
28139,MS,Tippah,17,27
28141,MS,Tishomingo,14,26
28143,MS,Tunica,31,27
28145,MS,Union,16,26
28147,MS,Walthall,22,27
28149,MS,Warren,22,25
28151,MS,Washington,31,32
28153,MS,Wayne,21,27
28155,MS,Webster,18,26
28157,MS,Wilkinson,28,31
28159,MS,Winston,24,30
28161,MS,Yalobusha,20,22
28163,MS,Yazoo,26,28
30001,MT,Beaverhead,13,15
30003,MT,Big Horn,18,27
30005,MT,Blaine,17,25
30007,MT,Broadwater,11,18
30009,MT,Carbon,11,18
30011,MT,Carter,10,17
30013,MT,Cascade,13,20
30015,MT,Chouteau,15,23
30017,MT,Custer,12,16
30019,MT,Daniels,9,13
30021,MT,Dawson,12,20
30023,MT,Deer Lodge,13,20
30025,MT,Fallon,10,14
30027,MT,Fergus,12,18
30029,MT,Flathead,13,20
30031,MT,Gallatin,12,15
30033,MT,Garfield,11,17
30035,MT,Glacier,21,29
30037,MT,Golden Valley,15,31
30039,MT,Granite,13,26
30041,MT,Hill,14,21
30043,MT,Jefferson,10,16
30045,MT,Judith Basin,12,19
30047,MT,Lake,15,23
30049,MT,Lewis and Clark,12,17
30051,MT,Liberty,13,17
30053,MT,Lincoln,16,24
30057,MT,Madison,11,18
30055,MT,McCone,9,14
30059,MT,Meagher,12,17
30061,MT,Mineral,15,26
30063,MT,Missoula,14,17
30065,MT,Musselshell,13,19
30067,MT,Park,12,16
30069,MT,Petroleum,11,17
30071,MT,Phillips,13,19
30073,MT,Pondera,15,22
30075,MT,Powder River,11,15
30077,MT,Powell,13,23
30079,MT,Prairie,12,20
30081,MT,Ravalli,14,22
30083,MT,Richland,11,18
30085,MT,Roosevelt,18,24
30087,MT,Rosebud,14,22
30089,MT,Sanders,16,28
30091,MT,Sheridan,10,15
30093,MT,Silver Bow,15,21
30095,MT,Stillwater,10,15
30097,MT,Sweet Grass,11,18
30099,MT,Teton,12,17
30101,MT,Toole,14,22
30103,MT,Treasure,15,24
30105,MT,Valley,12,18
30107,MT,Wheatland,15,24
30109,MT,Wibaux,13,18
30111,MT,Yellowstone,11,16
37001,NC,Alamance,15,23
37003,NC,Alexander,14,24
37005,NC,Alleghany,13,25
37007,NC,Anson,23,25
37009,NC,Ashe,14,26
37011,NC,Avery,13,22
37013,NC,Beaufort,17,23
37015,NC,Bertie,24,25
37017,NC,Bladen,21,28
37019,NC,Brunswick,15,26
37021,NC,Buncombe,14,22
37023,NC,Burke,15,26
37025,NC,Cabarrus,13,19
37027,NC,Caldwell,15,25
37029,NC,Camden,12,21
37031,NC,Carteret,14,24
37033,NC,Caswell,19,25
37035,NC,Catawba,14,23
37037,NC,Chatham,12,20
37039,NC,Cherokee,14,26
37041,NC,Chowan,21,28
37043,NC,Clay,15,27
37045,NC,Cleveland,18,25
37047,NC,Columbus,20,26
37049,NC,Craven,17,24
37051,NC,Cumberland,20,23
37053,NC,Currituck,12,21
37055,NC,Dare,13,21
37057,NC,Davidson,14,23
37059,NC,Davie,12,21
37061,NC,Duplin,16,25
37063,NC,Durham,18,20
37065,NC,Edgecombe,26,29
37067,NC,Forsyth,17,23
37069,NC,Franklin,16,21
37071,NC,Gaston,16,24
37073,NC,Gates,17,23
37075,NC,Graham,18,30
37077,NC,Granville,16,20
37079,NC,Greene,18,24
37081,NC,Guilford,19,22
37083,NC,Halifax,25,27
37085,NC,Harnett,16,23
37087,NC,Haywood,14,25
37089,NC,Henderson,12,21
37091,NC,Hertford,25,26
37093,NC,Hoke,19,25
37095,NC,Hyde,19,23
37097,NC,Iredell,13,21
37099,NC,Jackson,16,26
37101,NC,Johnston,13,21
37103,NC,Jones,19,27
37105,NC,Lee,15,23
37107,NC,Lenoir,21,25
37109,NC,Lincoln,13,23
37113,NC,Macon,14,26
37115,NC,Madison,14,25
37117,NC,Martin,21,25
37111,NC,McDowell,15,26
37119,NC,Mecklenburg,16,20
37121,NC,Mitchell,14,27
37123,NC,Montgomery,16,25
37125,NC,Moore,14,23
37127,NC,Nash,20,23
37129,NC,New Hanover,16,22
37131,NC,Northampton,25,30
37133,NC,Onslow,16,22
37135,NC,Orange,14,18
37137,NC,Pamlico,15,24
37139,NC,Pasquotank,20,25
37141,NC,Pender,15,23
37143,NC,Perquimans,18,26
37145,NC,Person,18,24
37147,NC,Pitt,22,23
37149,NC,Polk,13,23
37151,NC,Randolph,13,24
37153,NC,Richmond,21,28
37155,NC,Robeson,22,30
37157,NC,Rockingham,17,24
37159,NC,Rowan,16,24
37161,NC,Rutherford,17,27
37163,NC,Sampson,17,24
37165,NC,Scotland,26,32
37167,NC,Stanly,15,24
37169,NC,Stokes,14,24
37171,NC,Surry,14,24
37173,NC,Swain,17,32
37175,NC,Transylvania,13,24
37177,NC,Tyrrell,19,27
37179,NC,Union,11,18
37181,NC,Vance,24,26
37183,NC,Wake,14,18
37185,NC,Warren,23,26
37187,NC,Washington,23,25
37189,NC,Watauga,18,23
37191,NC,Wayne,19,25
37193,NC,Wilkes,15,26
37195,NC,Wilson,22,28
37197,NC,Yadkin,13,25
37199,NC,Yancey,15,27
38001,ND,Adams,7,12
38003,ND,Barnes,7,9
38005,ND,Benson,14,22
38007,ND,Billings,6,7
38009,ND,Bottineau,7,10
38011,ND,Bowman,5,6
38013,ND,Burke,7,12
38015,ND,Burleigh,6,9
38017,ND,Cass,9,9
38019,ND,Cavalier,4,6
38021,ND,Dickey,6,8
38023,ND,Divide,5,8
38025,ND,Dunn,5,10
38027,ND,Eddy,8,12
38029,ND,Emmons,8,10
38031,ND,Foster,7,11
38033,ND,Golden Valley,7,10
38035,ND,Grand Forks,11,11
38037,ND,Grant,7,11
38039,ND,Griggs,6,9
38041,ND,Hettinger,5,10
38043,ND,Kidder,5,9
38045,ND,LaMoure,8,9
38047,ND,Logan,5,7
38049,ND,McHenry,7,13
38051,ND,McIntosh,7,10
38053,ND,McKenzie,8,12
38055,ND,McLean,7,11
38057,ND,Mercer,5,9
38059,ND,Morton,6,9
38061,ND,Mountrail,6,10
38063,ND,Nelson,6,9
38065,ND,Oliver,6,11
38067,ND,Pembina,6,10
38069,ND,Pierce,9,14
38071,ND,Ramsey,8,11
38073,ND,Ransom,7,8
38075,ND,Renville,5,9
38077,ND,Richland,7,10
38079,ND,Rolette,17,26
38081,ND,Sargent,5,7
38083,ND,Sheridan,8,15
38085,ND,Sioux,16,21
38087,ND,Slope,6,9
38089,ND,Stark,5,7
38091,ND,Steele,5,9
38093,ND,Stutsman,7,11
38095,ND,Towner,7,13
38097,ND,Traill,6,10
38099,ND,Walsh,6,9
38101,ND,Ward,7,9
38103,ND,Wells,6,14
38105,ND,Williams,6,9
31001,NE,Adams,12,18
31003,NE,Antelope,12,19
31005,NE,Arthur,14,17
31007,NE,Banner,13,19
31009,NE,Blaine,17,25
31011,NE,Boone,11,18
31013,NE,Box Butte,12,22
31015,NE,Boyd,12,17
31017,NE,Brown,15,23
31019,NE,Buffalo,12,17
31021,NE,Burt,12,18
31023,NE,Butler,11,18
31025,NE,Cass,10,17
31027,NE,Cedar,11,18
31029,NE,Chase,9,17
31031,NE,Cherry,13,19
31033,NE,Cheyenne,12,19
31035,NE,Clay,10,17
31037,NE,Colfax,5,15
31039,NE,Cuming,11,19
31041,NE,Custer,12,18
31043,NE,Dakota,8,18
31045,NE,Dawes,14,19
31047,NE,Dawson,8,18
31049,NE,Deuel,11,22
31051,NE,Dixon,10,20
31053,NE,Dodge,12,18
31055,NE,Douglas,14,19
31057,NE,Dundy,10,17
31059,NE,Fillmore,11,18
31061,NE,Franklin,12,19
31063,NE,Frontier,13,21
31065,NE,Furnas,14,23
31067,NE,Gage,13,19
31069,NE,Garden,11,17
31071,NE,Garfield,12,17
31073,NE,Gosper,11,18
31075,NE,Grant,12,21
31077,NE,Greeley,12,18
31079,NE,Hall,11,19
31081,NE,Hamilton,11,18
31083,NE,Harlan,12,22
31085,NE,Hayes,11,16
31087,NE,Hitchcock,14,23
31089,NE,Holt,12,18
31091,NE,Hooker,14,24
31093,NE,Howard,12,19
31095,NE,Jefferson,12,20
31097,NE,Johnson,12,18
31099,NE,Kearney,11,16
31101,NE,Keith,12,20
31103,NE,Keya Paha,14,27
31105,NE,Kimball,13,20
31107,NE,Knox,13,21
31109,NE,Lancaster,14,19
31111,NE,Lincoln,12,19
31113,NE,Logan,13,20
31115,NE,Loup,13,21
31119,NE,Madison,12,19
31117,NE,McPherson,13,21
31121,NE,Merrick,12,18
31123,NE,Morrill,10,18
31125,NE,Nance,12,19
31127,NE,Nemaha,12,18
31129,NE,Nuckolls,12,19
31131,NE,Otoe,12,19
31133,NE,Pawnee,13,21
31135,NE,Perkins,10,16
31137,NE,Phelps,11,17
31139,NE,Pierce,11,16
31141,NE,Platte,9,16
31143,NE,Polk,10,17
31145,NE,Red Willow,12,19
31147,NE,Richardson,14,25
31149,NE,Rock,12,16
31151,NE,Saline,9,16
31153,NE,Sarpy,10,16
31155,NE,Saunders,11,19
31157,NE,Scotts Bluff,10,19
31159,NE,Seward,12,18
31161,NE,Sheridan,13,23
31163,NE,Sherman,13,23
31165,NE,Sioux,12,19
31167,NE,Stanton,11,18
31169,NE,Thayer,12,20
31171,NE,Thomas,12,19
31173,NE,Thurston,19,29
31175,NE,Valley,13,20
31177,NE,Washington,11,18
31179,NE,Wayne,13,17
31181,NE,Webster,12,20
31183,NE,Wheeler,11,18
31185,NE,York,12,19
33001,NH,Belknap,10,15
33003,NH,Carroll,9,14
33005,NH,Cheshire,11,15
33007,NH,Coos,12,18
33009,NH,Grafton,11,14
33011,NH,Hillsborough,10,12
33013,NH,Merrimack,10,13
33015,NH,Rockingham,8,11
33017,NH,Strafford,11,14
33019,NH,Sullivan,10,13
34001,NJ,Atlantic,14,19
34003,NJ,Bergen,8,12
34005,NJ,Burlington,11,13
34007,NJ,Camden,13,16
34009,NJ,Cape May,13,20
34011,NJ,Cumberland,13,18
34013,NJ,Essex,17,16
34015,NJ,Gloucester,11,14
34017,NJ,Hudson,11,17
34019,NJ,Hunterdon,7,11
34021,NJ,Mercer,11,13
34023,NJ,Middlesex,9,13
34025,NJ,Monmouth,9,13
34027,NJ,Morris,7,11
34029,NJ,Ocean,10,18
34031,NJ,Passaic,10,17
34033,NJ,Salem,13,19
34035,NJ,Somerset,7,11
34037,NJ,Sussex,8,13
34039,NJ,Union,10,14
34041,NJ,Warren,10,14
35001,NM,Bernalillo,15,23
35003,NM,Catron,19,27
35005,NM,Chaves,15,25
35006,NM,Cibola,20,33
35007,NM,Colfax,15,23
35009,NM,Curry,18,25
35011,NM,De Baca,16,25
35013,NM,Dona Ana,16,25
35015,NM,Eddy,12,19
35017,NM,Grant,15,25
35019,NM,Guadalupe,8,21
35021,NM,Harding,15,24
35023,NM,Hidalgo,14,27
35025,NM,Lea,13,21
35027,NM,Lincoln,16,22
35028,NM,Los Alamos,15,19
35029,NM,Luna,20,34
35031,NM,McKinley,27,35
35033,NM,Mora,10,23
35035,NM,Otero,19,27
35037,NM,Quay,16,23
35039,NM,Rio Arriba,11,25
35041,NM,Roosevelt,19,27
35045,NM,San Juan,20,27
35047,NM,San Miguel,12,26
35043,NM,Sandoval,15,22
35049,NM,Santa Fe,13,21
35051,NM,Sierra,20,29
35053,NM,Socorro,16,27
35055,NM,Taos,16,28
35057,NM,Torrance,19,31
35059,NM,Union,15,21
35061,NM,Valencia,13,25
32510,NV,Carson City,14,24
32001,NV,Churchill,15,24
32003,NV,Clark,13,22
32005,NV,Douglas,13,22
32007,NV,Elko,9,19
32009,NV,Esmeralda,13,21
32011,NV,Eureka,13,17
32013,NV,Humboldt,9,19
32015,NV,Lander,8,21
32017,NV,Lincoln,14,23
32019,NV,Lyon,15,26
32021,NV,Mineral,18,32
32023,NV,Nye,15,29
32027,NV,Pershing,13,25
32029,NV,Storey,12,21
32031,NV,Washoe,13,22
32033,NV,White Pine,11,22
36001,NY,Albany,13,17
36003,NY,Allegany,13,23
36005,NY,Bronx,16,24
36007,NY,Broome,14,22
36009,NY,Cattaraugus,13,24
36011,NY,Cayuga,12,20
36013,NY,Chautauqua,13,23
36015,NY,Chemung,13,22
36017,NY,Chenango,12,22
36019,NY,Clinton,13,22
36021,NY,Columbia,10,18
36023,NY,Cortland,13,20
36025,NY,Delaware,12,23
36027,NY,Dutchess,9,15
36029,NY,Erie,14,20
36031,NY,Essex,11,20
36033,NY,Franklin,14,25
36035,NY,Fulton,13,23
36037,NY,Genesee,11,20
36039,NY,Greene,11,20
36041,NY,Hamilton,11,20
36043,NY,Herkimer,12,22
36045,NY,Jefferson,14,23
36047,NY,Kings,19,22
36049,NY,Lewis,12,21
36051,NY,Livingston,12,20
36053,NY,Madison,11,20
36055,NY,Monroe,13,19
36057,NY,Montgomery,13,24
36059,NY,Nassau,6,13
36061,NY,New York,14,18
36063,NY,Niagara,13,21
36065,NY,Oneida,13,22
36067,NY,Onondaga,13,20
36069,NY,Ontario,10,18
36071,NY,Orange,9,18
36073,NY,Orleans,12,22
36075,NY,Oswego,14,25
36077,NY,Otsego,12,20
36079,NY,Putnam,5,13
36081,NY,Queens,12,18
36083,NY,Rensselaer,12,19
36085,NY,Richmond,9,17
36087,NY,Rockland,10,19
36091,NY,Saratoga,9,16
36093,NY,Schenectady,12,19
36095,NY,Schoharie,11,20
36097,NY,Schuyler,12,21
36099,NY,Seneca,12,20
36089,NY,St. Lawrence,14,24
36101,NY,Steuben,13,23
36103,NY,Suffolk,6,14
36105,NY,Sullivan,12,21
36107,NY,Tioga,10,19
36109,NY,Tompkins,14,19
36111,NY,Ulster,11,17
36113,NY,Warren,11,20
36115,NY,Washington,12,21
36117,NY,Wayne,11,20
36119,NY,Westchester,8,14
36121,NY,Wyoming,11,20
36123,NY,Yates,11,21
39001,OH,Adams,18,28
39003,OH,Allen,16,22
39005,OH,Ashland,14,23
39007,OH,Ashtabula,16,25
39009,OH,Athens,20,27
39011,OH,Auglaize,11,18
39013,OH,Belmont,15,23
39015,OH,Brown,14,23
39017,OH,Butler,14,20
39019,OH,Carroll,14,24
39021,OH,Champaign,13,22
39023,OH,Clark,16,24
39025,OH,Clermont,12,19
39027,OH,Clinton,15,24
39029,OH,Columbiana,15,24
39031,OH,Coshocton,15,24
39033,OH,Crawford,15,24
39035,OH,Cuyahoga,19,21
39037,OH,Darke,13,21
39039,OH,Defiance,12,21
39041,OH,Delaware,9,14
39043,OH,Erie,14,21
39045,OH,Fairfield,13,19
39047,OH,Fayette,16,25
39049,OH,Franklin,17,20
39051,OH,Fulton,10,19
39053,OH,Gallia,16,25
39055,OH,Geauga,10,18
39057,OH,Greene,14,20
39059,OH,Guernsey,16,27
39061,OH,Hamilton,18,21
39063,OH,Hancock,12,20
39065,OH,Hardin,15,24
39067,OH,Harrison,15,25
39069,OH,Henry,11,20
39071,OH,Highland,16,26
39073,OH,Hocking,14,24
39075,OH,Holmes,12,20
39077,OH,Huron,13,22
39079,OH,Jackson,18,28
39081,OH,Jefferson,16,25
39083,OH,Knox,14,23
39085,OH,Lake,12,18
39087,OH,Lawrence,15,23
39089,OH,Licking,13,21
39091,OH,Logan,13,21
39093,OH,Lorain,13,21
39095,OH,Lucas,18,23
39097,OH,Madison,13,19
39099,OH,Mahoning,17,24
39101,OH,Marion,16,24
39103,OH,Medina,10,17
39105,OH,Meigs,17,27
39107,OH,Mercer,11,17
39109,OH,Miami,13,21
39111,OH,Monroe,17,30
39113,OH,Montgomery,18,23
39115,OH,Morgan,17,26
39117,OH,Morrow,12,21
39119,OH,Muskingum,16,25
39121,OH,Noble,14,25
39123,OH,Ottawa,12,22
39125,OH,Paulding,12,20
39127,OH,Perry,15,25
39129,OH,Pickaway,13,21
39131,OH,Pike,17,28
39133,OH,Portage,14,22
39135,OH,Preble,13,22
39137,OH,Putnam,9,16
39139,OH,Richland,16,24
39141,OH,Ross,16,24
39143,OH,Sandusky,12,21
39145,OH,Scioto,18,27
39147,OH,Seneca,14,23
39149,OH,Shelby,12,19
39151,OH,Stark,15,22
39153,OH,Summit,16,21
39155,OH,Trumbull,16,25
39157,OH,Tuscarawas,14,22
39159,OH,Union,11,18
39161,OH,Van Wert,12,20
39163,OH,Vinton,16,27
39165,OH,Warren,10,16
39167,OH,Washington,14,23
39169,OH,Wayne,13,21
39171,OH,Williams,13,22
39173,OH,Wood,13,18
39175,OH,Wyandot,12,19
40001,OK,Adair,19,29
40003,OK,Alfalfa,13,22
40005,OK,Atoka,18,27
40007,OK,Beaver,8,17
40009,OK,Beckham,14,20
40011,OK,Blaine,14,22
40013,OK,Bryan,17,23
40015,OK,Caddo,16,24
40017,OK,Canadian,12,18
40019,OK,Carter,16,22
40021,OK,Cherokee,17,25
40023,OK,Choctaw,22,29
40025,OK,Cimarron,11,22
40027,OK,Cleveland,14,19
40029,OK,Coal,18,28
40031,OK,Comanche,18,22
40033,OK,Cotton,15,23
40035,OK,Craig,16,24
40037,OK,Creek,15,23
40039,OK,Custer,14,20
40041,OK,Delaware,16,27
40043,OK,Dewey,14,22
40045,OK,Ellis,13,21
40047,OK,Garfield,14,21
40049,OK,Garvin,16,23
40051,OK,Grady,14,21
40053,OK,Grant,13,19
40055,OK,Greer,16,22
40057,OK,Harmon,12,20
40059,OK,Harper,10,20
40061,OK,Haskell,18,26
40063,OK,Hughes,18,27
40065,OK,Jackson,14,20
40067,OK,Jefferson,16,26
40069,OK,Johnston,17,26
40071,OK,Kay,16,25
40073,OK,Kingfisher,10,17
40075,OK,Kiowa,16,25
40077,OK,Latimer,18,26
40079,OK,Le Flore,18,26
40081,OK,Lincoln,15,23
40083,OK,Logan,14,19
40085,OK,Love,12,20
40093,OK,Major,13,20
40095,OK,Marshall,13,22
40097,OK,Mayes,16,26
40087,OK,McClain,12,19
40089,OK,McCurtain,21,28
40091,OK,McIntosh,19,28
40099,OK,Murray,15,23
40101,OK,Muskogee,19,25
40103,OK,Noble,14,20
40105,OK,Nowata,16,24
40107,OK,Okfuskee,19,26
40109,OK,Oklahoma,16,21
40111,OK,Okmulgee,19,27
40113,OK,Osage,17,23
40115,OK,Ottawa,17,27
40117,OK,Pawnee,15,23
40119,OK,Payne,20,23
40121,OK,Pittsburg,17,25
40123,OK,Pontotoc,17,23
40125,OK,Pottawatomie,16,24
40127,OK,Pushmataha,19,30
40129,OK,Roger Mills,14,22
40131,OK,Rogers,13,20
40133,OK,Seminole,18,26
40135,OK,Sequoyah,19,29
40137,OK,Stephens,16,23
40139,OK,Texas,7,17
40141,OK,Tillman,14,23
40143,OK,Tulsa,16,22
40145,OK,Wagoner,13,20
40147,OK,Washington,15,22
40149,OK,Washita,14,24
40151,OK,Woods,14,21
40153,OK,Woodward,13,21
41001,OR,Baker,16,26
41003,OR,Benton,16,20
41005,OR,Clackamas,12,19
41007,OR,Clatsop,15,23
41009,OR,Columbia,14,24
41011,OR,Coos,16,26
41013,OR,Crook,16,27
41015,OR,Curry,16,25
41017,OR,Deschutes,14,23
41019,OR,Douglas,16,28
41021,OR,Gilliam,14,19
41023,OR,Grant,16,25
41025,OR,Harney,16,27
41027,OR,Hood River,9,20
41029,OR,Jackson,15,25
41031,OR,Jefferson,14,26
41033,OR,Josephine,17,28
41035,OR,Klamath,16,25
41037,OR,Lake,17,25
41039,OR,Lane,16,24
41041,OR,Lincoln,15,25
41043,OR,Linn,16,26
41045,OR,Malheur,13,25
41047,OR,Marion,12,23
41049,OR,Morrow,9,21
41051,OR,Multnomah,16,22
41053,OR,Polk,13,22
41055,OR,Sherman,17,26
41057,OR,Tillamook,14,23
41059,OR,Umatilla,12,23
41061,OR,Union,16,25
41063,OR,Wallowa,16,26
41065,OR,Wasco,13,22
41067,OR,Washington,12,19
41069,OR,Wheeler,16,29
41071,OR,Yamhill,13,23
42001,PA,Adams,9,16
42003,PA,Allegheny,14,17
42005,PA,Armstrong,13,20
42007,PA,Beaver,13,19
42009,PA,Bedford,12,20
42011,PA,Berks,9,17
42013,PA,Blair,13,20
42015,PA,Bradford,12,20
42017,PA,Bucks,9,13
42019,PA,Butler,10,15
42021,PA,Cambria,14,21
42023,PA,Cameron,13,22
42025,PA,Carbon,11,19
42027,PA,Centre,14,16
42029,PA,Chester,8,12
42031,PA,Clarion,14,20
42033,PA,Clearfield,13,21
42035,PA,Clinton,14,22
42037,PA,Columbia,13,19
42039,PA,Crawford,13,20
42041,PA,Cumberland,10,15
42043,PA,Dauphin,14,16
42045,PA,Delaware,13,15
42047,PA,Elk,10,17
42049,PA,Erie,14,20
42051,PA,Fayette,15,24
42053,PA,Forest,15,25
42055,PA,Franklin,11,18
42057,PA,Fulton,12,19
42059,PA,Greene,13,20
42061,PA,Huntingdon,13,20
42063,PA,Indiana,14,20
42065,PA,Jefferson,13,21
42067,PA,Juniata,11,19
42069,PA,Lackawanna,13,19
42071,PA,Lancaster,10,16
42073,PA,Lawrence,13,21
42075,PA,Lebanon,10,16
42077,PA,Lehigh,10,16
42079,PA,Luzerne,13,21
42081,PA,Lycoming,14,20
42083,PA,McKean,13,21
42085,PA,Mercer,13,20
42087,PA,Mifflin,13,22
42089,PA,Monroe,11,16
42091,PA,Montgomery,10,13
42093,PA,Montour,11,16
42095,PA,Northampton,10,15
42097,PA,Northumberland,13,20
42099,PA,Perry,10,16
42101,PA,Philadelphia,21,21
42103,PA,Pike,9,16
42105,PA,Potter,13,21
42107,PA,Schuylkill,12,19
42109,PA,Snyder,11,18
42111,PA,Somerset,12,20
42113,PA,Sullivan,12,19
42115,PA,Susquehanna,12,19
42117,PA,Tioga,13,20
42119,PA,Union,12,18
42121,PA,Venango,13,21
42123,PA,Warren,11,19
42125,PA,Washington,11,17
42127,PA,Wayne,11,19
42129,PA,Westmoreland,11,18
42131,PA,Wyoming,11,19
42133,PA,York,11,16
44001,RI,Bristol,11,15
44003,RI,Kent,11,16
44005,RI,Newport,12,16
44007,RI,Providence,14,20
44009,RI,Washington,11,17
45001,SC,Abbeville,16,24
45003,SC,Aiken,14,22
45005,SC,Allendale,27,28
45007,SC,Anderson,13,20
45009,SC,Bamberg,24,26
45011,SC,Barnwell,21,26
45013,SC,Beaufort,11,19
45015,SC,Berkeley,13,19
45017,SC,Calhoun,17,20
45019,SC,Charleston,15,19
45021,SC,Cherokee,16,25
45023,SC,Chester,20,26
45025,SC,Chesterfield,18,23
45027,SC,Clarendon,20,24
45029,SC,Colleton,18,23
45031,SC,Darlington,19,23
45033,SC,Dillon,23,29
45035,SC,Dorchester,13,18
45037,SC,Edgefield,15,19
45039,SC,Fairfield,21,23
45041,SC,Florence,18,21
45043,SC,Georgetown,17,25
45045,SC,Greenville,12,19
45047,SC,Greenwood,17,23
45049,SC,Hampton,20,22
45051,SC,Horry,14,23
45053,SC,Jasper,16,22
45055,SC,Kershaw,14,20
45057,SC,Lancaster,14,21
45059,SC,Laurens,16,24
45061,SC,Lee,23,24
45063,SC,Lexington,11,19
45067,SC,Marion,23,27
45069,SC,Marlboro,23,28
45065,SC,McCormick,18,23
45071,SC,Newberry,14,20
45073,SC,Oconee,13,23
45075,SC,Orangeburg,23,25
45077,SC,Pickens,13,20
45079,SC,Richland,18,18
45081,SC,Saluda,13,20
45083,SC,Spartanburg,14,20
45085,SC,Sumter,18,20
45087,SC,Union,18,24
45089,SC,Williamsburg,24,24
45091,SC,York,12,18
46003,SD,Aurora,8,14
46005,SD,Beadle,12,22
46007,SD,Bennett,20,30
46009,SD,Bon Homme,10,15
46011,SD,Brookings,13,15
46013,SD,Brown,11,15
46015,SD,Brule,12,19
46017,SD,Buffalo,22,29
46019,SD,Butte,11,15
46021,SD,Campbell,10,16
46023,SD,Charles Mix,14,22
46025,SD,Clark,12,20
46027,SD,Clay,17,19
46029,SD,Codington,11,15
46031,SD,Corson,23,32
46033,SD,Custer,10,17
46035,SD,Davison,12,18
46037,SD,Day,14,25
46039,SD,Deuel,10,15
46041,SD,Dewey,21,29
46043,SD,Douglas,9,15
46045,SD,Edmunds,10,13
46047,SD,Fall River,13,21
46049,SD,Faulk,11,13
46051,SD,Grant,9,15
46053,SD,Gregory,13,21
46055,SD,Haakon,12,19
46057,SD,Hamlin,9,15
46059,SD,Hand,10,15
46061,SD,Hanson,10,15
46063,SD,Harding,11,16
46065,SD,Hughes,11,16
46067,SD,Hutchinson,11,17
46069,SD,Hyde,10,19
46071,SD,Jackson,18,26
46073,SD,Jerauld,9,15
46075,SD,Jones,12,13
46077,SD,Kingsbury,10,16
46079,SD,Lake,12,20
46081,SD,Lawrence,12,17
46083,SD,Lincoln,8,13
46085,SD,Lyman,14,23
46091,SD,Marshall,12,18
46087,SD,McCook,9,15
46089,SD,McPherson,14,18
46093,SD,Meade,11,17
46095,SD,Mellette,20,35
46097,SD,Miner,10,17
46099,SD,Minnehaha,12,16
46101,SD,Moody,12,19
46102,SD,Oglala Lakota,28,37
46103,SD,Pennington,12,18
46105,SD,Perkins,12,17
46107,SD,Potter,11,18
46109,SD,Roberts,14,23
46111,SD,Sanborn,10,16
46113,SD,Shannon,12,18
46115,SD,Spink,11,18
46117,SD,Stanley,9,14
46119,SD,Sully,10,13
46121,SD,Todd,24,33
46123,SD,Tripp,15,24
46125,SD,Turner,10,15
46127,SD,Union,9,13
46129,SD,Walworth,13,18
46135,SD,Yankton,12,17
46137,SD,Ziebach,20,28
47001,TN,Anderson,14,24
47003,TN,Bedford,13,22
47005,TN,Benton,16,26
47007,TN,Bledsoe,16,23
47009,TN,Blount,12,20
47011,TN,Bradley,14,23
47013,TN,Campbell,16,27
47015,TN,Cannon,14,23
47017,TN,Carroll,17,24
47019,TN,Carter,16,26
47021,TN,Cheatham,11,20
47023,TN,Chester,16,22
47025,TN,Claiborne,16,25
47027,TN,Clay,16,26
47029,TN,Cocke,17,29
47031,TN,Coffee,14,23
47033,TN,Crockett,15,22
47035,TN,Cumberland,13,23
47037,TN,Davidson,16,20
47041,TN,DeKalb,14,24
47039,TN,Decatur,15,26
47043,TN,Dickson,13,22
47045,TN,Dyer,17,23
47047,TN,Fayette,15,19
47049,TN,Fentress,16,27
47051,TN,Franklin,13,21
47053,TN,Gibson,17,23
47055,TN,Giles,14,21
47057,TN,Grainger,14,23
47059,TN,Greene,15,25
47061,TN,Grundy,17,28
47063,TN,Hamblen,14,23
47065,TN,Hamilton,15,20
47067,TN,Hancock,18,29
47069,TN,Hardeman,21,24
47071,TN,Hardin,16,26
47073,TN,Hawkins,14,24
47075,TN,Haywood,23,23
47077,TN,Henderson,17,26
47079,TN,Henry,15,24
47081,TN,Hickman,14,24
47083,TN,Houston,17,28
47085,TN,Humphreys,13,22
47087,TN,Jackson,16,29
47089,TN,Jefferson,13,22
47091,TN,Johnson,15,25
47093,TN,Knox,14,19
47095,TN,Lake,21,28
47097,TN,Lauderdale,23,26
47099,TN,Lawrence,15,25
47101,TN,Lewis,14,23
47103,TN,Lincoln,13,22
47105,TN,Loudon,11,23
47111,TN,Macon,13,21
47113,TN,Madison,19,21
47115,TN,Marion,15,25
47117,TN,Marshall,13,22
47119,TN,Maury,14,21
47107,TN,McMinn,14,24
47109,TN,McNairy,16,25
47121,TN,Meigs,15,25
47123,TN,Monroe,14,24
47125,TN,Montgomery,15,20
47127,TN,Moore,11,21
47129,TN,Morgan,15,27
47131,TN,Obion,17,26
47133,TN,Overton,15,25
47135,TN,Perry,16,27
47137,TN,Pickett,13,24
47139,TN,Polk,14,25
47141,TN,Putnam,16,24
47143,TN,Rhea,16,27
47145,TN,Roane,14,24
47147,TN,Robertson,11,18
47149,TN,Rutherford,13,17
47151,TN,Scott,18,29
47153,TN,Sequatchie,13,21
47155,TN,Sevier,13,22
47157,TN,Shelby,22,21
47159,TN,Smith,13,22
47161,TN,Stewart,14,25
47163,TN,Sullivan,14,23
47165,TN,Sumner,11,17
47167,TN,Tipton,15,21
47169,TN,Trousdale,15,21
47171,TN,Unicoi,15,26
47173,TN,Union,14,25
47175,TN,Van Buren,14,26
47177,TN,Warren,14,24
47179,TN,Washington,14,22
47181,TN,Wayne,15,26
47183,TN,Weakley,16,22
47185,TN,White,14,23
47187,TN,Williamson,8,14
47189,TN,Wilson,11,17
48001,TX,Anderson,20,26
48003,TX,Andrews,8,19
48005,TX,Angelina,20,27
48007,TX,Aransas,17,29
48009,TX,Archer,16,23
48011,TX,Armstrong,15,20
48013,TX,Atascosa,8,22
48015,TX,Austin,15,23
48017,TX,Bailey,10,22
48019,TX,Bandera,15,24
48021,TX,Bastrop,13,22
48023,TX,Baylor,17,20
48025,TX,Bee,14,27
48027,TX,Bell,20,24
48029,TX,Bexar,11,22
48031,TX,Blanco,14,22
48033,TX,Borden,14,26
48035,TX,Bosque,17,26
48037,TX,Bowie,24,27
48039,TX,Brazoria,15,21
48041,TX,Brazos,22,24
48043,TX,Brewster,13,20
48045,TX,Briscoe,15,25
48047,TX,Brooks,11,34
48049,TX,Brown,18,27
48051,TX,Burleson,17,25
48053,TX,Burnet,16,26
48055,TX,Caldwell,13,23
48057,TX,Calhoun,12,24
48059,TX,Callahan,19,26
48061,TX,Cameron,9,29
48063,TX,Camp,20,27
48065,TX,Carson,14,21
48067,TX,Cass,23,30
48069,TX,Castro,9,22
48071,TX,Chambers,15,21
48073,TX,Cherokee,20,28
48075,TX,Childress,19,27
48077,TX,Clay,17,24
48079,TX,Cochran,11,22
48081,TX,Coke,15,22
48083,TX,Coleman,20,32
48085,TX,Collin,16,20
48087,TX,Collingsworth,15,28
48089,TX,Colorado,15,21
48091,TX,Comal,13,21
48093,TX,Comanche,17,29
48095,TX,Concho,7,23
48097,TX,Cooke,17,25
48099,TX,Coryell,20,25
48101,TX,Cottle,19,30
48103,TX,Crane,9,20
48105,TX,Crockett,9,24
48107,TX,Crosby,13,25
48109,TX,Culberson,9,26
48111,TX,Dallam,13,23
48113,TX,Dallas,18,24
48115,TX,Dawson,11,21
48123,TX,DeWitt,14,22
48117,TX,Deaf Smith,8,22
48119,TX,Delta,21,31
48121,TX,Denton,16,20
48125,TX,Dickens,17,25
48127,TX,Dimmit,5,22
48129,TX,Donley,19,29
48131,TX,Duval,7,26
48133,TX,Eastland,19,25
48135,TX,Ector,10,20
48137,TX,Edwards,8,21
48141,TX,El Paso,8,24
48139,TX,Ellis,15,22
48143,TX,Erath,20,25
48145,TX,Falls,20,27
48147,TX,Fannin,19,26
48149,TX,Fayette,15,22
48151,TX,Fisher,15,23
48153,TX,Floyd,13,27
48155,TX,Foard,16,22
48157,TX,Fort Bend,15,19
48159,TX,Franklin,19,27
48161,TX,Freestone,19,26
48163,TX,Frio,7,22
48165,TX,Gaines,11,20
48167,TX,Galveston,17,23
48169,TX,Garza,9,21
48171,TX,Gillespie,14,22
48173,TX,Glasscock,10,23
48175,TX,Goliad,13,25
48177,TX,Gonzales,13,23
48179,TX,Gray,16,24
48181,TX,Grayson,19,26
48183,TX,Gregg,21,26
48185,TX,Grimes,19,26
48187,TX,Guadalupe,12,20
48189,TX,Hale,14,27
48191,TX,Hall,19,29
48193,TX,Hamilton,18,25
48195,TX,Hansford,11,23
48197,TX,Hardeman,18,24
48199,TX,Hardin,19,26
48201,TX,Harris,17,24
48203,TX,Harrison,21,26
48205,TX,Hartley,13,19
48207,TX,Haskell,16,28
48209,TX,Hays,14,21
48211,TX,Hemphill,12,22
48213,TX,Henderson,20,28
48215,TX,Hidalgo,9,29
48217,TX,Hill,19,28
48219,TX,Hockley,12,21
48221,TX,Hood,17,24
48223,TX,Hopkins,19,28
48225,TX,Houston,24,31
48227,TX,Howard,14,23
48229,TX,Hudspeth,11,32
48231,TX,Hunt,20,26
48233,TX,Hutchinson,16,24
48235,TX,Irion,13,24
48237,TX,Jack,17,27
48239,TX,Jackson,14,21
48241,TX,Jasper,23,28
48243,TX,Jeff Davis,10,17
48245,TX,Jefferson,24,27
48247,TX,Jim Hogg,4,20
48249,TX,Jim Wells,9,26
48251,TX,Johnson,16,24
48253,TX,Jones,18,26
48255,TX,Karnes,13,28
48257,TX,Kaufman,17,23
48259,TX,Kendall,13,21
48261,TX,Kenedy,13,29
48263,TX,Kent,15,25
48265,TX,Kerr,16,24
48267,TX,Kimble,16,27
48269,TX,King,17,20
48271,TX,Kinney,9,24
48273,TX,Kleberg,12,25
48275,TX,Knox,15,23
48283,TX,La Salle,4,22
48277,TX,Lamar,22,28
48279,TX,Lamb,15,29
48281,TX,Lampasas,17,25
48285,TX,Lavaca,15,21
48287,TX,Lee,16,23
48289,TX,Leon,17,25
48291,TX,Liberty,19,26
48293,TX,Limestone,20,30
48295,TX,Lipscomb,13,21
48297,TX,Live Oak,12,24
48299,TX,Llano,18,27
48301,TX,Loving,19,24
48303,TX,Lubbock,17,23
48305,TX,Lynn,12,25
48313,TX,Madison,20,29
48315,TX,Marion,25,31
48317,TX,Martin,10,21
48319,TX,Mason,14,24
48321,TX,Matagorda,17,28
48323,TX,Maverick,8,28
48307,TX,McCulloch,15,26
48309,TX,McLennan,20,26
48311,TX,McMullen,8,18
48325,TX,Medina,9,21
48327,TX,Menard,14,24
48329,TX,Midland,11,19
48331,TX,Milam,18,26
48333,TX,Mills,16,25
48335,TX,Mitchell,14,21
48337,TX,Montague,18,27
48339,TX,Montgomery,15,23
48341,TX,Moore,11,24
48343,TX,Morris,25,30
48345,TX,Motley,18,25
48347,TX,Nacogdoches,23,27
48349,TX,Navarro,19,26
48351,TX,Newton,23,27
48353,TX,Nolan,16,26
48355,TX,Nueces,11,23
48357,TX,Ochiltree,10,20
48359,TX,Oldham,17,23
48361,TX,Orange,21,27
48363,TX,Palo Pinto,19,28
48365,TX,Panola,20,25
48367,TX,Parker,16,23
48369,TX,Parmer,8,22
48371,TX,Pecos,7,19
48373,TX,Polk,20,28
48375,TX,Potter,17,25
48377,TX,Presidio,10,28
48379,TX,Rains,17,25
48381,TX,Randall,15,21
48383,TX,Reagan,8,20
48385,TX,Real,17,27
48387,TX,Red River,23,27
48389,TX,Reeves,7,21
48391,TX,Refugio,12,24
48393,TX,Roberts,15,21
48395,TX,Robertson,20,25
48397,TX,Rockwall,14,20
48399,TX,Runnels,14,25
48401,TX,Rusk,20,26
48403,TX,Sabine,24,37
48405,TX,San Augustine,26,33
48407,TX,San Jacinto,20,26
48409,TX,San Patricio,11,23
48411,TX,San Saba,15,24
48413,TX,Schleicher,11,25
48415,TX,Scurry,11,20
48417,TX,Shackelford,18,25
48419,TX,Shelby,21,28
48421,TX,Sherman,10,20
48423,TX,Smith,20,25
48425,TX,Somervell,17,25
48427,TX,Starr,11,32
48429,TX,Stephens,17,27
48431,TX,Sterling,10,24
48433,TX,Stonewall,17,26
48435,TX,Sutton,9,20
48437,TX,Swisher,15,26
48439,TX,Tarrant,17,23
48441,TX,Taylor,18,24
48443,TX,Terrell,9,21
48445,TX,Terry,11,21
48447,TX,Throckmorton,17,26
48449,TX,Titus,16,26
48451,TX,Tom Green,14,23
48453,TX,Travis,16,22
48455,TX,Trinity,20,27
48457,TX,Tyler,21,28
48459,TX,Upshur,19,26
48461,TX,Upton,12,22
48463,TX,Uvalde,8,23
48465,TX,Val Verde,8,23
48467,TX,Van Zandt,18,27
48469,TX,Victoria,13,23
48471,TX,Walker,24,28
48473,TX,Waller,19,23
48475,TX,Ward,11,22
48477,TX,Washington,19,24
48479,TX,Webb,7,26
48481,TX,Wharton,15,24
48483,TX,Wheeler,15,24
48485,TX,Wichita,20,26
48487,TX,Wilbarger,18,25
48489,TX,Willacy,13,33
48491,TX,Williamson,14,20
48493,TX,Wilson,10,20
48495,TX,Winkler,9,21
48497,TX,Wise,15,24
48499,TX,Wood,18,27
48501,TX,Yoakum,7,19
48503,TX,Young,16,25
48505,TX,Zapata,9,30
48507,TX,Zavala,11,31
49001,UT,Beaver,13,18
49003,UT,Box Elder,13,16
49005,UT,Cache,15,17
49007,UT,Carbon,15,20
49009,UT,Daggett,13,15
49011,UT,Davis,12,15
49013,UT,Duchesne,15,20
49015,UT,Emery,14,19
49017,UT,Garfield,18,23
49019,UT,Grand,17,21
49021,UT,Iron,18,21
49023,UT,Juab,14,19
49025,UT,Kane,13,17
49027,UT,Millard,13,18
49029,UT,Morgan,12,14
49031,UT,Piute,17,25
49033,UT,Rich,14,19
49035,UT,Salt Lake,13,16
49037,UT,San Juan,20,26
49039,UT,Sanpete,15,18
49041,UT,Sevier,15,19
49043,UT,Summit,11,14
49045,UT,Tooele,12,15
49047,UT,Uintah,14,18
49049,UT,Utah,14,16
49051,UT,Wasatch,12,16
49053,UT,Washington,15,20
49055,UT,Wayne,17,21
49057,UT,Weber,13,17
51001,VA,Accomack,14,19
51003,VA,Albemarle,10,13
51510,VA,Alexandria,10,11
51005,VA,Alleghany,11,19
51007,VA,Amelia,11,15
51009,VA,Amherst,12,16
51011,VA,Appomattox,13,18
51013,VA,Arlington,8,10
51015,VA,Augusta,8,15
51017,VA,Bath,9,13
51515,VA,Bedford,9,15
51019,VA,Bedford,9,15
51021,VA,Bland,10,17
51023,VA,Botetourt,7,14
51520,VA,Bristol,15,22
51025,VA,Brunswick,20,20
51027,VA,Buchanan,16,28
51029,VA,Buckingham,16,20
51530,VA,Buena Vista,16,25
51031,VA,Campbell,11,17
51033,VA,Caroline,12,16
51035,VA,Carroll,11,19
51036,VA,Charles City,15,16
51037,VA,Charlotte,17,20
51540,VA,Charlottesville,17,16
51550,VA,Chesapeake,12,14
51041,VA,Chesterfield,9,12
51043,VA,Clarke,9,15
51570,VA,Colonial Heights,11,16
51580,VA,Covington,15,23
51045,VA,Craig,10,16
51047,VA,Culpeper,9,13
51049,VA,Cumberland,17,22
51590,VA,Danville,22,21
51051,VA,Dickenson,15,26
51053,VA,Dinwiddie,14,16
51595,VA,Emporia,26,26
51057,VA,Essex,16,15
51600,VA,Fairfax,5,10
51059,VA,Fairfax,5,10
51610,VA,Falls Church,5,9
51061,VA,Fauquier,6,11
51063,VA,Floyd,8,13
51065,VA,Fluvanna,8,12
51620,VA,Franklin,11,19
51067,VA,Franklin,11,19
51069,VA,Frederick,7,12
51630,VA,Fredericksburg,16,16
51640,VA,Galax,13,24
51071,VA,Giles,10,15
51073,VA,Gloucester,8,13
51075,VA,Goochland,8,12
51077,VA,Grayson,13,24
51079,VA,Greene,8,13
51081,VA,Greensville,19,17
51083,VA,Halifax,17,18
51650,VA,Hampton,18,17
51650,VA,Hampton,11,14
51085,VA,Hanover,7,12
51660,VA,Harrisonburg,16,17
51660,VA,Harrisonburg,11,14
51087,VA,Henrico,13,14
51089,VA,Henry,14,20
51091,VA,Highland,9,18
51670,VA,Hopewell,19,20
51670,VA,Hopewell,11,14
51093,VA,Isle of Wight,11,16
51095,VA,James City,9,13
51099,VA,King George,9,12
51101,VA,King William,11,17
51097,VA,King and Queen,13,19
51103,VA,Lancaster,14,14
51105,VA,Lee,15,26
51678,VA,Lexington,16,17
51107,VA,Loudoun,4,9
51109,VA,Louisa,10,14
51111,VA,Lunenburg,16,18
51680,VA,Lynchburg,19,20
51680,VA,Lynchburg,11,14
51113,VA,Madison,10,16
51683,VA,Manassas,5,11
51685,VA,Manassas Park,4,10
51690,VA,Martinsville,22,20
51115,VA,Mathews,8,14
51117,VA,Mecklenburg,16,19
51119,VA,Middlesex,10,15
51121,VA,Montgomery,15,16
51125,VA,Nelson,11,15
51127,VA,New Kent,8,13
51700,VA,Newport News,17,17
51710,VA,Norfolk,19,19
51131,VA,Northampton,17,21
51133,VA,Northumberland,13,15
51720,VA,Norton,17,26
51135,VA,Nottoway,18,18
51137,VA,Orange,10,18
51139,VA,Page,12,20
51141,VA,Patrick,13,22
51730,VA,Petersburg,28,24
51143,VA,Pittsylvania,13,19
51735,VA,Poquoson,6,12
51740,VA,Portsmouth,20,19
51145,VA,Powhatan,7,11
51147,VA,Prince Edward,17,17
51149,VA,Prince George,12,15
51153,VA,Prince William,6,10
51155,VA,Pulaski,11,17
51750,VA,Radford,21,17
51157,VA,Rappahannock,9,17
51159,VA,Richmond,12,14
51760,VA,Richmond,12,14
51161,VA,Roanoke,9,14
51770,VA,Roanoke,9,14
51163,VA,Rockbridge,10,18
51165,VA,Rockingham,8,16
51167,VA,Russell,13,21
51775,VA,Salem,11,16
51169,VA,Scott,12,21
51171,VA,Shenandoah,9,17
51173,VA,Smyth,13,23
51175,VA,Southampton,15,17
51177,VA,Spotsylvania,9,13
51179,VA,Stafford,7,11
51790,VA,Staunton,14,20
51800,VA,Suffolk,14,14
51181,VA,Surry,15,14
51183,VA,Sussex,20,18
51185,VA,Tazewell,13,21
51810,VA,Virginia Beach,11,13
51187,VA,Warren,9,15
51191,VA,Washington,10,17
51820,VA,Waynesboro,13,19
51193,VA,Westmoreland,13,14
51830,VA,Williamsburg,16,18
51840,VA,Winchester,12,16
51195,VA,Wise,15,24
51197,VA,Wythe,12,18
51199,VA,York,8,13
50001,VT,Addison,11,16
50003,VT,Bennington,13,20
50005,VT,Caledonia,13,18
50007,VT,Chittenden,12,14
50009,VT,Essex,14,20
50011,VT,Franklin,11,15
50013,VT,Grand Isle,11,16
50015,VT,Lamoille,13,18
50017,VT,Orange,11,18
50019,VT,Orleans,14,20
50021,VT,Rutland,13,18
50023,VT,Washington,11,15
50025,VT,Windham,13,17
50027,VT,Windsor,12,16
53001,WA,Adams,5,19
53003,WA,Asotin,14,22
53005,WA,Benton,11,21
53007,WA,Chelan,10,18
53009,WA,Clallam,15,24
53011,WA,Clark,13,20
53013,WA,Columbia,14,23
53015,WA,Cowlitz,15,24
53017,WA,Douglas,9,20
53019,WA,Ferry,18,27
53021,WA,Franklin,7,20
53023,WA,Garfield,14,21
53025,WA,Grant,9,20
53027,WA,Grays Harbor,16,25
53029,WA,Island,13,20
53031,WA,Jefferson,14,22
53033,WA,King,13,17
53035,WA,Kitsap,13,19
53037,WA,Kittitas,16,20
53039,WA,Klickitat,13,23
53041,WA,Lewis,15,23
53043,WA,Lincoln,13,22
53045,WA,Mason,14,24
53047,WA,Okanogan,14,23
53049,WA,Pacific,16,26
53051,WA,Pend Oreille,17,28
53053,WA,Pierce,14,20
53055,WA,San Juan,12,21
53057,WA,Skagit,12,21
53059,WA,Skamania,14,21
53061,WA,Snohomish,12,18
53063,WA,Spokane,15,22
53065,WA,Stevens,16,26
53067,WA,Thurston,13,20
53069,WA,Wahkiakum,15,26
53071,WA,Walla Walla,12,21
53073,WA,Whatcom,14,20
53075,WA,Whitman,20,21
53077,WA,Yakima,9,22
55001,WI,Adams,12,23
55003,WI,Ashland,13,22
55005,WI,Barron,11,19
55007,WI,Bayfield,12,22
55009,WI,Brown,10,17
55011,WI,Buffalo,11,18
55013,WI,Burnett,12,23
55015,WI,Calumet,8,15
55017,WI,Chippewa,11,17
55019,WI,Clark,11,20
55021,WI,Columbia,10,17
55023,WI,Crawford,12,20
55025,WI,Dane,11,15
55027,WI,Dodge,10,17
55029,WI,Door,11,19
55031,WI,Douglas,13,20
55033,WI,Dunn,12,18
55035,WI,Eau Claire,12,17
55037,WI,Florence,10,19
55039,WI,Fond du Lac,10,16
55041,WI,Forest,13,21
55043,WI,Grant,12,19
55045,WI,Green,9,16
55047,WI,Green Lake,11,20
55049,WI,Iowa,10,17
55051,WI,Iron,12,20
55053,WI,Jackson,11,21
55055,WI,Jefferson,9,17
55057,WI,Juneau,11,20
55059,WI,Kenosha,11,19
55061,WI,Kewaunee,9,17
55063,WI,La Crosse,12,17
55065,WI,Lafayette,9,18
55067,WI,Langlade,13,21
55069,WI,Lincoln,11,18
55071,WI,Manitowoc,10,18
55073,WI,Marathon,10,18
55075,WI,Marinette,12,20
55077,WI,Marquette,11,21
55078,WI,Menominee,19,33
55079,WI,Milwaukee,17,21
55081,WI,Monroe,12,21
55083,WI,Oconto,9,17
55085,WI,Oneida,10,19
55087,WI,Outagamie,10,16
55089,WI,Ozaukee,8,14
55091,WI,Pepin,10,19
55093,WI,Pierce,10,16
55095,WI,Polk,10,18
55097,WI,Portage,12,17
55099,WI,Price,11,19
55101,WI,Racine,11,17
55103,WI,Richland,11,19
55105,WI,Rock,11,20
55107,WI,Rusk,12,22
55111,WI,Sauk,11,19
55113,WI,Sawyer,14,25
55115,WI,Shawano,10,19
55117,WI,Sheboygan,9,16
55109,WI,St. Croix,8,15
55119,WI,Taylor,11,18
55121,WI,Trempealeau,9,17
55123,WI,Vernon,11,20
55125,WI,Vilas,13,22
55127,WI,Walworth,10,17
55129,WI,Washburn,11,21
55131,WI,Washington,8,14
55133,WI,Waukesha,8,14
55135,WI,Waupaca,10,18
55137,WI,Waushara,10,18
55139,WI,Winnebago,11,17
55141,WI,Wood,11,19
54001,WV,Barbour,16,23
54003,WV,Berkeley,13,18
54005,WV,Boone,17,26
54007,WV,Braxton,16,23
54009,WV,Brooke,13,20
54011,WV,Cabell,16,20
54013,WV,Calhoun,16,24
54015,WV,Clay,18,25
54017,WV,Doddridge,12,18
54019,WV,Fayette,16,22
54021,WV,Gilmer,17,25
54023,WV,Grant,14,20
54025,WV,Greenbrier,15,21
54027,WV,Hampshire,16,22
54029,WV,Hancock,15,23
54031,WV,Hardy,13,19
54033,WV,Harrison,14,20
54035,WV,Jackson,14,21
54037,WV,Jefferson,11,14
54039,WV,Kanawha,14,20
54041,WV,Lewis,16,24
54043,WV,Lincoln,18,28
54045,WV,Logan,17,23
54049,WV,Marion,14,20
54051,WV,Marshall,13,19
54053,WV,Mason,15,23
54047,WV,McDowell,22,32
54055,WV,Mercer,16,24
54057,WV,Mineral,16,20
54059,WV,Mingo,19,29
54061,WV,Monongalia,16,16
54063,WV,Monroe,13,20
54065,WV,Morgan,13,16
54067,WV,Nicholas,15,22
54069,WV,Ohio,14,19
54071,WV,Pendleton,14,20
54073,WV,Pleasants,14,24
54075,WV,Pocahontas,14,24
54077,WV,Preston,13,19
54079,WV,Putnam,11,15
54081,WV,Raleigh,15,21
54083,WV,Randolph,14,20
54085,WV,Ritchie,15,22
54087,WV,Roane,17,25
54089,WV,Summers,14,20
54091,WV,Taylor,13,20
54093,WV,Tucker,13,20
54095,WV,Tyler,16,24
54097,WV,Upshur,15,22
54099,WV,Wayne,15,23
54101,WV,Webster,17,25
54103,WV,Wetzel,16,25
54105,WV,Wirt,14,22
54107,WV,Wood,14,21
54109,WV,Wyoming,16,24
56001,WY,Albany,18,18
56003,WY,Big Horn,12,17
56005,WY,Campbell,10,15
56007,WY,Carbon,11,17
56009,WY,Converse,11,16
56011,WY,Crook,10,15
56013,WY,Fremont,14,20
56015,WY,Goshen,12,21
56017,WY,Hot Springs,13,18
56019,WY,Johnson,12,14
56021,WY,Laramie,11,16
56023,WY,Lincoln,11,16
56025,WY,Natrona,13,18
56027,WY,Niobrara,14,19
56029,WY,Park,12,16
56031,WY,Platte,13,21
56033,WY,Sheridan,12,16
56035,WY,Sublette,11,16
56037,WY,Sweetwater,11,17
56039,WY,Teton,10,13
56041,WY,Uinta,13,19
56043,WY,Washakie,11,17
56045,WY,Weston,12,21
