STATE,COUNTY,FOOD_INSEC,FOOD_INSEC_CHILDREN
AK,Aleutians East,14,20
AK,Aleutians West,14,16
AK,Anchorage,12,16
AK,Bethel,22,30
AK,Bristol Bay,14,19
AK,Denali,14,17
AK,Dillingham,18,25
AK,Fairbanks North Star,13,17
AK,Haines,14,19
AK,Hoonah-Angoon,19,30
AK,Juneau,11,16
AK,Kenai Peninsula,13,19
AK,Ketchikan Gateway,15,19
AK,Kodiak Island,12,17
AK,Wade Hampton,27,38
AK,Lake and Peninsula,19,26
AK,Matanuska-Susitna,13,19
AK,Nome,22,29
AK,North Slope,14,18
AK,Northwest Arctic,22,30
AK,Petersburg,14,18
AK,Prince of Wales-Hyder,17,25
AK,Sitka,12,16
AK,Skagway,15,19
AK,Southeast Fairbanks,16,23
AK,Valdez-Cordova,14,19
AK,Wrangell,15,22
AK,Yakutat,14,19
AK,Yukon-Koyukuk,22,32
AL,Autauga,14,21
AL,Baldwin,13,22
AL,Barbour,23,30
AL,Bibb,16,25
AL,Blount,11,24
AL,Bullock,24,26
AL,Butler,22,27
AL,Calhoun,17,26
AL,Chambers,20,26
AL,Cherokee,14,26
AL,Chilton,14,25
AL,Choctaw,21,26
AL,Clarke,25,27
AL,Clay,15,24
AL,Cleburne,14,25
AL,Coffee,15,24
AL,Colbert,17,26
AL,Conecuh,24,29
AL,Coosa,18,24
AL,Covington,16,27
AL,Crenshaw,17,22
AL,Cullman,13,24
AL,Dale,17,24
AL,Dallas,30,32
AL,DeKalb,12,23
AL,Elmore,14,21
AL,Escambia,20,26
AL,Etowah,16,26
AL,Fayette,16,26
AL,Franklin,14,28
AL,Geneva,16,29
AL,Greene,32,35
AL,Hale,24,26
AL,Henry,16,22
AL,Houston,18,25
AL,Jackson,14,26
AL,Jefferson,19,22
AL,Lamar,17,29
AL,Lauderdale,16,25
AL,Lawrence,15,25
AL,Lee,18,22
AL,Limestone,13,21
AL,Lowndes,28,28
AL,Macon,27,26
AL,Madison,15,21
AL,Marengo,23,26
AL,Marion,15,26
AL,Marshall,12,26
AL,Mobile,19,24
AL,Monroe,25,29
AL,Montgomery,23,24
AL,Morgan,14,23
AL,Perry,29,31
AL,Pickens,21,26
AL,Pike,22,25
AL,Randolph,17,24
AL,Russell,20,24
AL,Shelby,10,17
AL,St. Clair,13,23
AL,Sumter,30,30
AL,Talladega,19,27
AL,Tallapoosa,18,27
AL,Tuscaloosa,18,22
AL,Walker,16,28
AL,Washington,17,25
AL,Wilcox,32,33
AL,Winston,15,30
AR,Arkansas,20,25
AR,Ashley,21,27
AR,Baxter,16,27
AR,Benton,12,21
AR,Boone,16,26
AR,Bradley,21,29
AR,Calhoun,18,23
AR,Carroll,14,24
AR,Chicot,28,30
AR,Clark,21,26
AR,Clay,18,29
AR,Cleburne,16,26
AR,Cleveland,18,27
AR,Columbia,24,27
AR,Conway,19,28
AR,Craighead,19,25
AR,Crawford,15,26
AR,Crittenden,26,26
AR,Cross,21,25
AR,Dallas,22,23
AR,Desha,28,31
AR,Drew,24,29
AR,Faulkner,17,22
AR,Franklin,17,27
AR,Fulton,17,29
AR,Garland,18,27
AR,Grant,15,22
AR,Greene,17,25
AR,Hempstead,21,27
AR,Hot Spring,18,26
AR,Howard,18,26
AR,Independence,18,28
AR,Izard,18,29
AR,Jackson,22,32
AR,Jefferson,27,27
AR,Johnson,16,27
AR,Lafayette,24,27
AR,Lawrence,19,29
AR,Lee,28,26
AR,Lincoln,22,26
AR,Little River,19,25
AR,Logan,17,27
AR,Lonoke,15,22
AR,Madison,15,25
AR,Marion,16,27
AR,Miller,20,25
AR,Mississippi,26,31
AR,Monroe,26,31
AR,Montgomery,16,26
AR,Nevada,22,29
AR,Newton,16,26
AR,Ouachita,24,28
AR,Perry,16,26
AR,Phillips,31,32
AR,Pike,17,27
AR,Poinsett,20,29
AR,Polk,17,30
AR,Pope,17,25
AR,Prairie,19,26
AR,Pulaski,21,22
AR,Randolph,18,29
AR,Saline,13,20
AR,Scott,15,27
AR,Searcy,17,28
AR,Sebastian,17,27
AR,Sevier,13,25
AR,Sharp,18,30
AR,St. Francis,27,27
AR,Stone,18,31
AR,Union,21,26
AR,Van Buren,18,29
AR,Washington,15,23
AR,White,18,25
AR,Woodruff,23,27
AR,Yell,14,24
AZ,Apache,27,38
AZ,Cochise,15,24
AZ,Coconino,20,26
AZ,Gila,19,31
AZ,Graham,16,26
AZ,Greenlee,13,23
AZ,La Paz,16,27
AZ,Maricopa,15,23
AZ,Mohave,19,29
AZ,Navajo,23,34
AZ,Pima,15,23
AZ,Pinal,15,24
AZ,Santa Cruz,9,25
AZ,Yavapai,17,25
AZ,Yuma,18,33
CA,Alameda,14,18
CA,Alpine,16,20
CA,Amador,14,23
CA,Butte,18,24
CA,Calaveras,14,21
CA,Colusa,12,25
CA,Contra Costa,12,17
CA,Del Norte,18,27
CA,El Dorado,13,19
CA,Fresno,14,27
CA,Glenn,13,24
CA,Humboldt,18,24
CA,Imperial,15,32
CA,Inyo,13,19
CA,Kern,13,25
CA,Kings,14,25
CA,Lake,18,27
CA,Lassen,16,25
CA,Los Angeles,12,21
CA,Madera,12,25
CA,Marin,12,16
CA,Mariposa,16,23
CA,Mendocino,15,24
CA,Merced,14,27
CA,Modoc,17,24
CA,Mono,11,17
CA,Monterey,10,21
CA,Napa,10,17
CA,Nevada,14,21
CA,Orange,10,18
CA,Placer,12,18
CA,Plumas,18,26
CA,Riverside,10,20
CA,Sacramento,16,22
CA,San Benito,6,18
CA,San Bernardino,11,21
CA,San Diego,12,19
CA,San Francisco,16,17
CA,San Joaquin,14,23
CA,San Luis Obispo,13,19
CA,San Mateo,10,15
CA,Santa Barbara,10,19
CA,Santa Clara,11,16
CA,Santa Cruz,13,20
CA,Shasta,18,26
CA,Sierra,16,25
CA,Siskiyou,20,28
CA,Solano,15,20
CA,Sonoma,12,18
CA,Stanislaus,13,24
CA,Sutter,16,25
CA,Tehama,15,25
CA,Trinity,18,26
CA,Tulare,13,27
CA,Tuolumne,16,23
CA,Ventura,8,17
CA,Yolo,15,20
CA,Yuba,17,26
CO,Adams,9,16
CO,Alamosa,12,22
CO,Arapahoe,13,16
CO,Archuleta,11,19
CO,Baca,14,21
CO,Bent,13,23
CO,Boulder,13,15
CO,Broomfield,11,14
CO,Chaffee,12,17
CO,Cheyenne,11,14
CO,Clear Creek,12,16
CO,Conejos,6,17
CO,Costilla,6,22
CO,Crowley,14,21
CO,Custer,15,21
CO,Delta,14,21
CO,Denver,13,17
CO,Dolores,15,22
CO,Douglas,9,13
CO,Eagle,8,13
CO,Elbert,10,16
CO,El Paso,14,17
CO,Fremont,16,24
CO,Garfield,10,16
CO,Gilpin,11,14
CO,Grand,13,17
CO,Gunnison,15,18
CO,Hinsdale,13,18
CO,Huerfano,12,19
CO,Jackson,12,18
CO,Jefferson,11,15
CO,Kiowa,13,17
CO,Kit Carson,12,19
CO,Lake,9,14
CO,La Plata,12,16
CO,Larimer,13,16
CO,Las Animas,9,16
CO,Lincoln,14,19
CO,Logan,13,20
CO,Mesa,14,20
CO,Mineral,10,17
CO,Moffat,12,17
CO,Montezuma,15,24
CO,Montrose,13,21
CO,Morgan,9,15
CO,Otero,12,23
CO,Ouray,13,17
CO,Park,11,16
CO,Phillips,12,16
CO,Pitkin,13,15
CO,Prowers,10,18
CO,Pueblo,11,19
CO,Rio Blanco,15,21
CO,Rio Grande,10,20
CO,Routt,13,15
CO,Saguache,11,22
CO,San Juan,13,18
CO,San Miguel,14,16
CO,Sedgwick,13,19
CO,Summit,12,16
CO,Teller,12,16
CO,Washington,12,16
CO,Weld,9,16
CO,Yuma,12,17
CT,Fairfield,10,14
CT,Hartford,12,16
CT,Litchfield,10,15
CT,Middlesex,10,14
CT,New Haven,13,17
CT,New London,12,18
CT,Tolland,11,15
CT,Windham,12,18
DC,District of Columbia,13,24
DE,Kent,13,18
DE,New Castle,12,15
DE,Sussex,10,18
FL,Alachua,20,22
FL,Baker,17,24
FL,Bay,18,24
FL,Bradford,19,24
FL,Brevard,16,23
FL,Broward,15,19
FL,Calhoun,17,24
FL,Charlotte,15,23
FL,Citrus,16,28
FL,Clay,14,20
FL,Collier,11,21
FL,Columbia,18,26
FL,DeSoto,16,27
FL,Dixie,18,26
FL,Duval,20,23
FL,Escambia,19,24
FL,Flagler,15,24
FL,Franklin,18,26
FL,Gadsden,25,27
FL,Gilchrist,17,28
FL,Glades,16,25
FL,Gulf,17,23
FL,Hamilton,22,28
FL,Hardee,13,26
FL,Hendry,13,25
FL,Hernando,15,25
FL,Highlands,16,26
FL,Hillsborough,15,21
FL,Holmes,19,30
FL,Indian River,15,24
FL,Jackson,20,27
FL,Jefferson,20,22
FL,Lafayette,16,22
FL,Lake,14,22
FL,Lee,14,23
FL,Leon,22,21
FL,Levy,17,28
FL,Liberty,18,22
FL,Madison,22,25
FL,Manatee,14,22
FL,Marion,16,26
FL,Martin,13,21
FL,Miami-Dade,9,21
FL,Monroe,12,20
FL,Nassau,15,23
FL,Okaloosa,16,23
FL,Okeechobee,16,28
FL,Orange,15,21
FL,Osceola,10,22
FL,Palm Beach,14,21
FL,Pasco,14,22
FL,Pinellas,16,22
FL,Polk,16,24
FL,Putnam,20,30
FL,Santa Rosa,15,22
FL,Sarasota,14,21
FL,Seminole,13,20
FL,St. Johns,13,19
FL,St. Lucie,16,24
FL,Sumter,14,26
FL,Suwannee,19,29
FL,Taylor,18,22
FL,Union,19,26
FL,Volusia,16,24
FL,Wakulla,16,23
FL,Walton,16,25
FL,Washington,19,27
GA,Appling,15,24
GA,Atkinson,13,25
GA,Bacon,14,23
GA,Baker,20,27
GA,Baldwin,24,29
GA,Banks,11,24
GA,Barrow,11,22
GA,Bartow,13,23
GA,Ben Hill,23,32
GA,Berrien,16,27
GA,Bibb,23,27
GA,Bleckley,18,28
GA,Brantley,14,26
GA,Brooks,19,27
GA,Bryan,12,22
GA,Bulloch,22,26
GA,Burke,23,29
GA,Butts,17,26
GA,Calhoun,26,30
GA,Camden,14,22
GA,Candler,18,29
GA,Carroll,16,25
GA,Catoosa,11,22
GA,Charlton,13,23
GA,Chatham,19,24
GA,Chattahoochee,17,23
GA,Chattooga,16,28
GA,Cherokee,9,20
GA,Clarke,22,26
GA,Clay,29,35
GA,Clayton,23,25
GA,Clinch,21,30
GA,Cobb,12,19
GA,Coffee,17,26
GA,Colquitt,16,27
GA,Columbia,10,19
GA,Cook,18,25
GA,Coweta,12,21
GA,Crawford,15,24
GA,Crisp,23,29
GA,Dade,11,25
GA,Dawson,10,23
GA,Decatur,21,27
GA,DeKalb,16,23
GA,Dodge,19,28
GA,Dooly,22,27
GA,Dougherty,27,28
GA,Douglas,16,21
GA,Early,22,27
GA,Echols,11,27
GA,Effingham,11,20
GA,Elbert,17,25
GA,Emanuel,21,30
GA,Evans,17,27
GA,Fannin,13,29
GA,Fayette,10,18
GA,Floyd,15,25
GA,Forsyth,6,17
GA,Franklin,15,27
GA,Fulton,19,21
GA,Gilmer,12,30
GA,Glascock,13,27
GA,Glynn,16,24
GA,Gordon,12,25
GA,Grady,19,30
GA,Greene,18,28
GA,Gwinnett,11,20
GA,Habersham,10,24
GA,Hall,9,22
GA,Hancock,26,30
GA,Haralson,14,27
GA,Harris,11,20
GA,Hart,16,25
GA,Heard,15,27
GA,Henry,15,21
GA,Houston,16,23
GA,Irwin,19,28
GA,Jackson,10,21
GA,Jasper,15,25
GA,Jeff Davis,14,26
GA,Jefferson,24,31
GA,Jenkins,21,33
GA,Johnson,19,27
GA,Jones,14,23
GA,Lamar,19,26
GA,Lanier,18,27
GA,Laurens,21,28
GA,Lee,13,22
GA,Liberty,18,23
GA,Lincoln,19,28
GA,Long,15,23
GA,Lowndes,21,25
GA,Lumpkin,13,24
GA,Macon,25,26
GA,Madison,13,24
GA,Marion,18,26
GA,McDuffie,21,29
GA,McIntosh,17,27
GA,Meriwether,20,26
GA,Miller,19,28
GA,Mitchell,22,27
GA,Monroe,14,20
GA,Montgomery,18,28
GA,Morgan,13,22
GA,Murray,12,25
GA,Muscogee,21,25
GA,Newton,17,22
GA,Oconee,8,19
GA,Oglethorpe,13,24
GA,Paulding,11,21
GA,Peach,20,25
GA,Pickens,10,23
GA,Pierce,14,27
GA,Pike,11,22
GA,Polk,14,26
GA,Pulaski,18,27
GA,Putnam,16,24
GA,Quitman,21,28
GA,Rabun,13,28
GA,Randolph,26,32
GA,Richmond,23,27
GA,Rockdale,17,21
GA,Schley,17,27
GA,Screven,21,27
GA,Seminole,18,26
GA,Spalding,19,27
GA,Stephens,15,25
GA,Stewart,21,32
GA,Sumter,24,31
GA,Talbot,20,21
GA,Taliaferro,24,31
GA,Tattnall,18,28
GA,Taylor,22,31
GA,Telfair,20,32
GA,Terrell,26,32
GA,Thomas,20,25
GA,Tift,19,28
GA,Toombs,18,27
GA,Towns,13,28
GA,Treutlen,18,26
GA,Troup,19,25
GA,Turner,19,28
GA,Twiggs,22,27
GA,Union,10,24
GA,Upson,19,28
GA,Walker,13,25
GA,Walton,13,23
GA,Ware,20,30
GA,Warren,24,28
GA,Washington,22,26
GA,Wayne,16,24
GA,Webster,21,26
GA,Wheeler,23,32
GA,White,12,28
GA,Whitfield,8,23
GA,Wilcox,19,26
GA,Wilkes,21,30
GA,Wilkinson,17,25
GA,Worth,17,25
HI,Hawaii,13,24
HI,Honolulu,12,19
HI,Kalawao,20,24
HI,Kauai,12,19
HI,Maui,12,19
IA,Adair,11,17
IA,Adams,11,16
IA,Allamakee,11,18
IA,Appanoose,13,19
IA,Audubon,11,17
IA,Benton,11,17
IA,Black Hawk,15,18
IA,Boone,11,16
IA,Bremer,10,15
IA,Buchanan,11,17
IA,Buena Vista,8,15
IA,Butler,11,17
IA,Calhoun,13,20
IA,Carroll,11,15
IA,Cass,13,20
IA,Cedar,10,15
IA,Cerro Gordo,12,18
IA,Cherokee,12,18
IA,Chickasaw,11,17
IA,Clarke,12,20
IA,Clay,12,19
IA,Clayton,11,18
IA,Clinton,13,19
IA,Crawford,9,19
IA,Dallas,9,13
IA,Davis,13,22
IA,Decatur,15,21
IA,Delaware,11,17
IA,Des Moines,14,20
IA,Dickinson,10,15
IA,Dubuque,12,17
IA,Emmet,11,17
IA,Fayette,12,19
IA,Floyd,12,19
IA,Franklin,10,18
IA,Fremont,11,18
IA,Greene,12,18
IA,Grundy,10,15
IA,Guthrie,11,17
IA,Hamilton,12,18
IA,Hancock,10,16
IA,Hardin,11,16
IA,Harrison,11,16
IA,Henry,13,20
IA,Howard,11,17
IA,Humboldt,12,18
IA,Ida,11,17
IA,Iowa,10,17
IA,Jackson,12,18
IA,Jasper,12,16
IA,Jefferson,13,19
IA,Johnson,14,15
IA,Jones,11,18
IA,Keokuk,12,19
IA,Kossuth,10,16
IA,Lee,14,21
IA,Linn,12,15
IA,Louisa,9,17
IA,Lucas,12,18
IA,Lyon,9,14
IA,Madison,11,15
IA,Mahaska,13,18
IA,Marion,11,16
IA,Marshall,9,16
IA,Mills,10,15
IA,Mitchell,10,15
IA,Monona,13,20
IA,Monroe,13,18
IA,Montgomery,13,21
IA,Muscatine,9,16
IA,O'Brien,10,15
IA,Osceola,9,15
IA,Page,13,19
IA,Palo Alto,11,17
IA,Plymouth,9,15
IA,Pocahontas,12,18
IA,Polk,12,17
IA,Pottawattamie,12,18
IA,Poweshiek,12,16
IA,Ringgold,11,16
IA,Sac,10,15
IA,Scott,13,17
IA,Shelby,11,16
IA,Sioux,8,14
IA,Story,16,15
IA,Tama,10,17
IA,Taylor,11,17
IA,Union,13,19
IA,Van Buren,12,20
IA,Wapello,13,20
IA,Warren,10,15
IA,Washington,10,16
IA,Wayne,12,18
IA,Webster,14,19
IA,Winnebago,11,16
IA,Winneshiek,11,15
IA,Woodbury,11,17
IA,Worth,12,17
IA,Wright,10,16
ID,Ada,13,16
ID,Adams,16,20
ID,Bannock,15,18
ID,Bear Lake,13,19
ID,Benewah,17,21
ID,Bingham,11,17
ID,Blaine,10,16
ID,Boise,15,19
ID,Bonner,16,20
ID,Bonneville,12,16
ID,Boundary,15,19
ID,Butte,15,20
ID,Camas,15,21
ID,Canyon,13,19
ID,Caribou,12,14
ID,Cassia,10,16
ID,Clark,9,16
ID,Clearwater,16,21
ID,Custer,17,20
ID,Elmore,15,19
ID,Franklin,12,17
ID,Fremont,11,15
ID,Gem,15,20
ID,Gooding,11,18
ID,Idaho,15,20
ID,Jefferson,11,16
ID,Jerome,10,16
ID,Kootenai,15,18
ID,Latah,18,17
ID,Lemhi,17,23
ID,Lewis,16,20
ID,Lincoln,10,16
ID,Madison,21,19
ID,Minidoka,9,17
ID,Nez Perce,14,17
ID,Oneida,14,19
ID,Owyhee,14,22
ID,Payette,13,18
ID,Power,9,16
ID,Shoshone,18,22
ID,Teton,11,15
ID,Twin Falls,13,17
ID,Valley,16,19
ID,Washington,14,20
IL,Adams,12,19
IL,Alexander,23,31
IL,Bond,12,20
IL,Boone,7,16
IL,Brown,11,15
IL,Bureau,10,19
IL,Calhoun,12,20
IL,Carroll,11,19
IL,Cass,9,18
IL,Champaign,16,18
IL,Christian,13,21
IL,Clark,12,22
IL,Clay,12,22
IL,Clinton,9,16
IL,Coles,16,22
IL,Cook,13,17
IL,Crawford,11,19
IL,Cumberland,12,20
IL,DeKalb,13,19
IL,De Witt,11,19
IL,Douglas,9,17
IL,DuPage,12,17
IL,Edgar,13,22
IL,Edwards,11,19
IL,Effingham,10,18
IL,Fayette,13,23
IL,Ford,11,20
IL,Franklin,14,24
IL,Fulton,13,21
IL,Gallatin,13,21
IL,Greene,13,21
IL,Grundy,9,16
IL,Hamilton,12,18
IL,Hancock,11,20
IL,Hardin,14,22
IL,Henderson,11,20
IL,Henry,10,17
IL,Iroquois,11,21
IL,Jackson,19,22
IL,Jasper,10,17
IL,Jefferson,14,22
IL,Jersey,10,17
IL,Jo Daviess,10,17
IL,Johnson,13,21
IL,Kane,6,15
IL,Kankakee,14,19
IL,Kendall,6,13
IL,Knox,14,22
IL,Lake,7,14
IL,LaSalle,12,17
IL,Lawrence,14,21
IL,Lee,11,17
IL,Livingston,11,19
IL,Logan,13,20
IL,Macon,16,22
IL,Macoupin,12,20
IL,Madison,13,18
IL,Marion,14,24
IL,Marshall,10,19
IL,Mason,13,22
IL,Massac,15,22
IL,McDonough,16,20
IL,McHenry,7,15
IL,McLean,12,15
IL,Menard,10,18
IL,Mercer,10,18
IL,Monroe,8,15
IL,Montgomery,14,22
IL,Morgan,13,19
IL,Moultrie,11,20
IL,Ogle,10,17
IL,Peoria,16,20
IL,Perry,14,23
IL,Piatt,8,16
IL,Pike,11,18
IL,Pope,12,21
IL,Pulaski,19,22
IL,Putnam,10,21
IL,Randolph,12,18
IL,Richland,13,20
IL,Rock Island,12,19
IL,Saline,16,25
IL,Sangamon,14,19
IL,Schuyler,13,18
IL,Scott,12,20
IL,Shelby,11,18
IL,Stark,11,20
IL,St. Clair,17,20
IL,Stephenson,14,21
IL,Tazewell,10,17
IL,Union,13,21
IL,Vermilion,15,22
IL,Wabash,12,19
IL,Warren,11,19
IL,Washington,10,17
IL,Wayne,12,22
IL,White,12,20
IL,Whiteside,10,18
IL,Williamson,13,20
IL,Will,8,14
IL,Winnebago,14,20
IL,Woodford,9,17
IN,Adams,12,20
IN,Allen,14,19
IN,Bartholomew,12,17
IN,Benton,12,18
IN,Blackford,14,21
IN,Boone,10,14
IN,Brown,12,19
IN,Carroll,11,16
IN,Cass,11,19
IN,Clark,13,17
IN,Clay,13,19
IN,Clinton,10,18
IN,Crawford,15,23
IN,Daviess,12,18
IN,Dearborn,12,18
IN,Decatur,13,20
IN,DeKalb,14,19
IN,Delaware,17,22
IN,Dubois,10,16
IN,Elkhart,12,18
IN,Fayette,16,24
IN,Floyd,13,18
IN,Fountain,13,19
IN,Franklin,12,17
IN,Fulton,12,19
IN,Gibson,12,17
IN,Grant,16,22
IN,Greene,14,20
IN,Hamilton,9,13
IN,Hancock,10,15
IN,Harrison,12,17
IN,Hendricks,10,13
IN,Henry,14,21
IN,Howard,15,21
IN,Huntington,12,18
IN,Jackson,12,19
IN,Jasper,11,17
IN,Jay,14,21
IN,Jefferson,14,20
IN,Jennings,14,20
IN,Johnson,12,16
IN,Knox,15,21
IN,Kosciusko,11,17
IN,Lagrange,11,18
IN,Lake,15,20
IN,LaPorte,14,19
IN,Lawrence,13,20
IN,Madison,15,21
IN,Marion,19,20
IN,Marshall,11,17
IN,Martin,12,19
IN,Miami,14,20
IN,Monroe,18,19
IN,Montgomery,13,20
IN,Morgan,12,19
IN,Newton,13,21
IN,Noble,11,17
IN,Ohio,12,17
IN,Orange,15,22
IN,Owen,14,21
IN,Parke,14,20
IN,Perry,13,18
IN,Pike,11,19
IN,Porter,11,17
IN,Posey,11,17
IN,Pulaski,13,20
IN,Putnam,13,19
IN,Randolph,14,22
IN,Ripley,12,17
IN,Rush,14,22
IN,Scott,14,23
IN,Shelby,12,18
IN,Spencer,11,17
IN,Starke,13,22
IN,Steuben,11,17
IN,St. Joseph,15,20
IN,Sullivan,15,23
IN,Switzerland,15,24
IN,Tippecanoe,16,18
IN,Tipton,11,19
IN,Union,12,18
IN,Vanderburgh,16,20
IN,Vermillion,14,20
IN,Vigo,17,23
IN,Wabash,13,21
IN,Warren,11,18
IN,Warrick,11,17
IN,Washington,13,20
IN,Wayne,16,24
IN,Wells,11,18
IN,White,10,16
IN,Whitley,10,16
KS,Allen,16,23
KS,Anderson,15,25
KS,Atchison,17,25
KS,Barber,13,20
KS,Barton,13,21
KS,Bourbon,16,25
KS,Brown,15,23
KS,Butler,13,20
KS,Chase,13,20
KS,Chautauqua,15,25
KS,Cherokee,15,23
KS,Cheyenne,10,18
KS,Clark,12,19
KS,Clay,12,21
KS,Cloud,14,20
KS,Coffey,13,21
KS,Comanche,11,18
KS,Cowley,14,22
KS,Crawford,17,22
KS,Decatur,13,21
KS,Dickinson,13,20
KS,Doniphan,14,22
KS,Douglas,17,19
KS,Edwards,9,18
KS,Elk,15,23
KS,Ellis,14,18
KS,Ellsworth,12,17
KS,Finney,7,18
KS,Ford,6,18
KS,Franklin,14,21
KS,Geary,18,22
KS,Gove,11,17
KS,Graham,13,20
KS,Grant,3,13
KS,Gray,9,17
KS,Greeley,8,15
KS,Greenwood,14,23
KS,Hamilton,7,18
KS,Harper,13,21
KS,Harvey,12,20
KS,Haskell,8,18
KS,Hodgeman,10,16
KS,Jackson,12,18
KS,Jefferson,11,18
KS,Jewell,14,24
KS,Johnson,11,16
KS,Kearny,7,15
KS,Kingman,13,20
KS,Kiowa,14,20
KS,Labette,16,24
KS,Lane,11,17
KS,Leavenworth,14,20
KS,Lincoln,12,19
KS,Linn,14,20
KS,Logan,11,17
KS,Lyon,14,21
KS,Marion,12,19
KS,Marshall,12,19
KS,McPherson,11,17
KS,Meade,10,19
KS,Miami,12,19
KS,Mitchell,13,19
KS,Montgomery,17,25
KS,Morris,12,19
KS,Morton,10,18
KS,Nemaha,12,19
KS,Neosho,16,27
KS,Ness,11,21
KS,Norton,11,17
KS,Osage,13,20
KS,Osborne,14,23
KS,Ottawa,11,18
KS,Pawnee,12,16
KS,Phillips,12,20
KS,Pottawatomie,11,17
KS,Pratt,13,21
KS,Rawlins,12,19
KS,Reno,13,20
KS,Republic,13,21
KS,Rice,12,19
KS,Riley,18,18
KS,Rooks,14,22
KS,Rush,12,17
KS,Russell,13,21
KS,Saline,14,21
KS,Scott,9,14
KS,Sedgwick,14,20
KS,Seward,5,18
KS,Shawnee,14,20
KS,Sheridan,10,19
KS,Sherman,14,22
KS,Smith,13,22
KS,Stafford,11,21
KS,Stanton,5,13
KS,Stevens,8,20
KS,Sumner,13,20
KS,Thomas,12,16
KS,Trego,11,16
KS,Wabaunsee,10,17
KS,Wallace,11,17
KS,Washington,12,20
KS,Wichita,7,14
KS,Wilson,16,26
KS,Woodson,16,27
KS,Wyandotte,17,24
KY,Adair,16,23
KY,Allen,14,19
KY,Anderson,11,15
KY,Ballard,14,21
KY,Barren,15,20
KY,Bath,17,24
KY,Bell,22,30
KY,Boone,10,14
KY,Bourbon,14,18
KY,Boyd,16,23
KY,Boyle,15,18
KY,Bracken,14,21
KY,Breathitt,20,28
KY,Breckinridge,14,19
KY,Bullitt,11,16
KY,Butler,17,26
KY,Caldwell,15,22
KY,Calloway,16,18
KY,Campbell,13,17
KY,Carlisle,14,24
KY,Carroll,17,24
KY,Carter,16,22
KY,Casey,15,22
KY,Christian,19,20
KY,Clark,14,18
KY,Clay,22,30
KY,Clinton,17,23
KY,Crittenden,15,21
KY,Cumberland,17,23
KY,Daviess,14,18
KY,Edmonson,14,18
KY,Elliott,19,28
KY,Estill,18,25
KY,Fayette,16,16
KY,Fleming,15,20
KY,Floyd,19,28
KY,Franklin,15,18
KY,Fulton,22,22
KY,Gallatin,13,19
KY,Garrard,14,22
KY,Grant,14,21
KY,Graves,14,18
KY,Grayson,16,24
KY,Green,14,19
KY,Greenup,15,21
KY,Hancock,13,20
KY,Hardin,15,18
KY,Harlan,21,29
KY,Harrison,15,20
KY,Hart,16,22
KY,Henderson,16,20
KY,Henry,14,20
KY,Hickman,14,19
KY,Hopkins,15,20
KY,Jackson,19,27
KY,Jefferson,16,17
KY,Jessamine,14,20
KY,Johnson,17,24
KY,Kenton,13,18
KY,Knott,18,27
KY,Knox,20,29
KY,Larue,14,21
KY,Laurel,16,23
KY,Lawrence,17,23
KY,Lee,19,25
KY,Leslie,19,25
KY,Letcher,19,28
KY,Lewis,18,27
KY,Lincoln,16,23
KY,Livingston,13,18
KY,Logan,15,20
KY,Lyon,13,21
KY,Madison,16,18
KY,Magoffin,22,31
KY,Marion,15,19
KY,Marshall,12,17
KY,Martin,21,29
KY,Mason,16,20
KY,McCracken,16,19
KY,McCreary,22,29
KY,McLean,14,23
KY,Meade,14,19
KY,Menifee,18,29
KY,Mercer,14,20
KY,Metcalfe,15,21
KY,Monroe,16,24
KY,Montgomery,17,24
KY,Morgan,18,26
KY,Muhlenberg,15,22
KY,Nelson,13,19
KY,Nicholas,16,24
KY,Ohio,15,23
KY,Oldham,8,12
KY,Owen,13,18
KY,Owsley,21,27
KY,Pendleton,13,19
KY,Perry,18,23
KY,Pike,17,24
KY,Powell,18,23
KY,Pulaski,17,23
KY,Robertson,15,25
KY,Rockcastle,16,23
KY,Rowan,17,23
KY,Russell,19,27
KY,Scott,12,15
KY,Shelby,12,15
KY,Simpson,16,20
KY,Spencer,10,13
KY,Taylor,17,24
KY,Todd,14,18
KY,Trigg,14,21
KY,Trimble,13,19
KY,Union,19,22
KY,Warren,16,18
KY,Washington,13,17
KY,Wayne,18,25
KY,Webster,14,20
KY,Whitley,18,24
KY,Wolfe,23,32
KY,Woodford,11,16
LA,Acadia,15,23
LA,Allen,14,23
LA,Ascension,11,18
LA,Assumption,15,22
LA,Avoyelles,18,25
LA,Beauregard,13,24
LA,Bienville,21,28
LA,Bossier,13,20
LA,Caddo,20,24
LA,Calcasieu,15,22
LA,Caldwell,16,26
LA,Cameron,7,18
LA,Catahoula,18,26
LA,Claiborne,21,28
LA,Concordia,23,29
LA,De Soto,19,27
LA,East Baton Rouge,18,21
LA,East Carroll,34,37
LA,East Feliciana,17,22
LA,Evangeline,19,27
LA,Franklin,21,31
LA,Grant,13,24
LA,Iberia,17,25
LA,Iberville,18,21
LA,Jackson,18,27
LA,Jefferson Davis,15,24
LA,Jefferson,13,22
LA,Lafayette,15,20
LA,Lafourche,12,21
LA,La Salle,17,23
LA,Lincoln,23,25
LA,Livingston,10,21
LA,Madison,28,31
LA,Morehouse,24,30
LA,Natchitoches,22,26
LA,Orleans,23,25
LA,Ouachita,20,26
LA,Plaquemines,13,21
LA,Pointe Coupee,16,22
LA,Rapides,17,24
LA,Red River,18,22
LA,Richland,19,25
LA,Sabine,14,24
LA,St. Bernard,14,24
LA,St. Charles,12,18
LA,St. Helena,21,25
LA,St. James,18,22
LA,St. John the Baptist,18,21
LA,St. Landry,21,27
LA,St. Martin,15,23
LA,St. Mary,17,25
LA,St. Tammany,10,19
LA,Tangipahoa,17,24
LA,Tensas,26,30
LA,Terrebonne,14,23
LA,Union,17,30
LA,Vermilion,14,23
LA,Vernon,14,23
LA,Washington,19,25
LA,Webster,19,27
LA,West Baton Rouge,16,22
LA,West Carroll,20,34
LA,West Feliciana,16,23
LA,Winn,20,27
MA,Barnstable,9,15
MA,Berkshire,11,17
MA,Bristol,12,16
MA,Dukes,11,18
MA,Essex,8,13
MA,Franklin,10,14
MA,Hampden,11,17
MA,Hampshire,11,13
MA,Middlesex,9,11
MA,Nantucket,10,14
MA,Norfolk,9,10
MA,Plymouth,9,13
MA,Suffolk,15,15
MA,Worcester,10,14
MD,Allegany,14,24
MD,Anne Arundel,8,15
MD,Baltimore,12,17
MD,Calvert,7,15
MD,Caroline,12,22
MD,Carroll,6,16
MD,Cecil,9,19
MD,Charles,12,15
MD,Dorchester,15,23
MD,Frederick,7,16
MD,Garrett,10,23
MD,Harford,8,17
MD,Howard,7,13
MD,Kent,11,20
MD,Montgomery,6,13
MD,Prince George's,14,14
MD,Queen Anne's,7,17
MD,Somerset,20,27
MD,St. Mary's,9,17
MD,Talbot,10,19
MD,Washington,12,21
MD,Wicomico,15,21
MD,Worcester,13,23
ME,Androscoggin,16,23
ME,Aroostook,17,25
ME,Cumberland,14,19
ME,Franklin,14,22
ME,Hancock,15,22
ME,Kennebec,14,21
ME,Knox,13,20
ME,Lincoln,13,21
ME,Oxford,15,24
ME,Penobscot,16,22
ME,Piscataquis,17,27
ME,Sagadahoc,13,21
ME,Somerset,16,25
ME,Waldo,15,23
ME,Washington,17,25
ME,York,13,19
MI,Alcona,12,20
MI,Alger,14,18
MI,Allegan,10,15
MI,Alpena,13,20
MI,Antrim,12,20
MI,Arenac,15,23
MI,Baraga,16,21
MI,Barry,10,15
MI,Bay,12,17
MI,Benzie,11,17
MI,Berrien,15,18
MI,Branch,12,19
MI,Calhoun,14,18
MI,Cass,12,17
MI,Charlevoix,12,17
MI,Cheboygan,15,23
MI,Chippewa,16,21
MI,Clare,16,25
MI,Clinton,10,13
MI,Crawford,13,19
MI,Delta,13,19
MI,Dickinson,12,16
MI,Eaton,11,15
MI,Emmet,12,17
MI,Genesee,17,19
MI,Gladwin,14,23
MI,Gogebic,15,23
MI,Grand Traverse,11,15
MI,Gratiot,13,19
MI,Hillsdale,13,21
MI,Houghton,15,17
MI,Huron,11,18
MI,Ingham,16,17
MI,Ionia,11,16
MI,Iosco,14,21
MI,Iron,13,20
MI,Isabella,17,18
MI,Jackson,14,19
MI,Kalamazoo,15,15
MI,Kalkaska,14,19
MI,Kent,12,14
MI,Keweenaw,13,21
MI,Lake,18,27
MI,Lapeer,11,17
MI,Leelanau,10,16
MI,Lenawee,11,17
MI,Livingston,9,13
MI,Luce,15,24
MI,Mackinac,15,22
MI,Macomb,13,16
MI,Manistee,13,21
MI,Marquette,14,17
MI,Mason,13,21
MI,Mecosta,15,21
MI,Menominee,12,20
MI,Midland,12,16
MI,Missaukee,13,19
MI,Monroe,10,15
MI,Montcalm,13,20
MI,Montmorency,14,21
MI,Muskegon,15,18
MI,Newaygo,12,18
MI,Oakland,13,13
MI,Oceana,12,20
MI,Ogemaw,15,24
MI,Ontonagon,13,20
MI,Osceola,14,23
MI,Oscoda,14,23
MI,Otsego,12,18
MI,Ottawa,9,12
MI,Presque Isle,13,21
MI,Roscommon,15,24
MI,Saginaw,15,17
MI,Sanilac,12,19
MI,Schoolcraft,16,25
MI,Shiawassee,12,18
MI,St. Clair,13,18
MI,St. Joseph,12,18
MI,Tuscola,12,19
MI,Van Buren,12,18
MI,Washtenaw,14,13
MI,Wayne,21,21
MI,Wexford,14,20
MN,Aitkin,11,17
MN,Anoka,8,13
MN,Becker,10,16
MN,Beltrami,13,19
MN,Benton,12,17
MN,Big Stone,11,18
MN,Blue Earth,12,14
MN,Brown,8,13
MN,Carlton,11,16
MN,Carver,6,11
MN,Cass,12,22
MN,Chippewa,10,17
MN,Chisago,7,12
MN,Clay,10,13
MN,Clearwater,14,22
MN,Cook,10,18
MN,Cottonwood,10,18
MN,Crow Wing,11,17
MN,Dakota,8,12
MN,Dodge,7,13
MN,Douglas,9,14
MN,Faribault,10,17
MN,Fillmore,10,16
MN,Freeborn,8,15
MN,Goodhue,9,15
MN,Grant,9,15
MN,Hennepin,11,13
MN,Houston,9,16
MN,Hubbard,10,18
MN,Isanti,8,13
MN,Itasca,11,19
MN,Jackson,9,16
MN,Kanabec,12,20
MN,Kandiyohi,9,14
MN,Kittson,9,16
MN,Koochiching,13,20
MN,Lac qui Parle,9,14
MN,Lake,10,19
MN,Lake of the Woods,9,14
MN,Le Sueur,8,14
MN,Lincoln,9,13
MN,Lyon,10,15
MN,Mahnomen,14,23
MN,Marshall,9,15
MN,Martin,10,16
MN,McLeod,8,14
MN,Meeker,9,15
MN,Mille Lacs,11,17
MN,Morrison,10,16
MN,Mower,9,15
MN,Murray,9,14
MN,Nicollet,9,13
MN,Nobles,7,14
MN,Norman,10,17
MN,Olmsted,9,12
MN,Otter Tail,9,14
MN,Pennington,10,15
MN,Pine,11,18
MN,Pipestone,10,15
MN,Polk,10,16
MN,Pope,9,14
MN,Ramsey,13,16
MN,Red Lake,10,15
MN,Redwood,10,16
MN,Renville,9,16
MN,Rice,9,14
MN,Rock,9,14
MN,Roseau,10,16
MN,Scott,6,11
MN,Sherburne,8,13
MN,Sibley,8,15
MN,Stearns,11,14
MN,Steele,8,14
MN,Stevens,11,13
MN,St. Louis,12,17
MN,Swift,11,18
MN,Todd,10,17
MN,Traverse,9,15
MN,Wabasha,8,13
MN,Wadena,12,19
MN,Waseca,9,13
MN,Washington,7,11
MN,Watonwan,6,13
MN,Wilkin,9,14
MN,Winona,11,14
MN,Wright,7,12
MN,Yellow Medicine,9,15
MO,Adair,19,20
MO,Andrew,11,15
MO,Atchison,14,19
MO,Audrain,16,21
MO,Barry,14,22
MO,Barton,16,24
MO,Bates,15,22
MO,Benton,15,23
MO,Bollinger,15,23
MO,Boone,17,16
MO,Buchanan,15,21
MO,Butler,18,23
MO,Caldwell,13,18
MO,Callaway,14,19
MO,Camden,14,23
MO,Cape Girardeau,16,19
MO,Carroll,14,20
MO,Carter,17,24
MO,Cass,12,17
MO,Cedar,17,23
MO,Chariton,14,19
MO,Christian,12,18
MO,Clark,15,21
MO,Clay,12,15
MO,Clinton,12,17
MO,Cole,15,17
MO,Cooper,15,21
MO,Crawford,16,23
MO,Dade,15,22
MO,Dallas,16,25
MO,Daviess,14,20
MO,DeKalb,16,21
MO,Dent,17,24
MO,Douglas,17,26
MO,Dunklin,20,26
MO,Franklin,13,18
MO,Gasconade,14,20
MO,Gentry,14,19
MO,Greene,16,20
MO,Grundy,15,21
MO,Harrison,15,21
MO,Henry,15,23
MO,Hickory,17,28
MO,Holt,13,17
MO,Howard,15,20
MO,Howell,17,24
MO,Iron,18,26
MO,Jackson,18,20
MO,Jasper,14,19
MO,Jefferson,12,17
MO,Johnson,16,19
MO,Knox,15,22
MO,Laclede,16,23
MO,Lafayette,13,18
MO,Lawrence,14,21
MO,Lewis,14,18
MO,Lincoln,14,20
MO,Linn,16,22
MO,Livingston,15,20
MO,Macon,16,23
MO,Madison,16,21
MO,Maries,15,23
MO,Marion,16,21
MO,McDonald,14,21
MO,Mercer,14,20
MO,Miller,15,23
MO,Mississippi,22,26
MO,Moniteau,13,18
MO,Monroe,14,21
MO,Montgomery,15,21
MO,Morgan,17,23
MO,New Madrid,20,25
MO,Newton,13,18
MO,Nodaway,19,22
MO,Oregon,17,26
MO,Osage,11,15
MO,Ozark,17,25
MO,Pemiscot,25,27
MO,Perry,12,17
MO,Pettis,15,20
MO,Phelps,17,21
MO,Pike,15,20
MO,Platte,12,15
MO,Polk,16,21
MO,Pulaski,16,19
MO,Putnam,14,21
MO,Ralls,12,18
MO,Randolph,16,21
MO,Ray,14,21
MO,Reynolds,16,23
MO,Ripley,17,26
MO,Saline,14,20
MO,Schuyler,16,24
MO,Scotland,14,19
MO,Scott,17,21
MO,Shannon,17,26
MO,Shelby,15,23
MO,St. Charles,10,14
MO,St. Clair,17,25
MO,Ste. Genevieve,13,20
MO,St. Francois,17,22
MO,St. Louis,16,19
MO,Stoddard,15,21
MO,Stone,15,23
MO,Sullivan,12,18
MO,Taney,17,24
MO,Texas,16,23
MO,Vernon,15,23
MO,Warren,13,19
MO,Washington,16,25
MO,Wayne,16,24
MO,Webster,15,22
MO,Worth,13,19
MO,Wright,18,24
MS,Adams,25,30
MS,Alcorn,17,26
MS,Amite,20,26
MS,Attala,22,27
MS,Benton,19,22
MS,Bolivar,29,31
MS,Calhoun,19,27
MS,Carroll,19,25
MS,Chickasaw,22,27
MS,Choctaw,20,26
MS,Claiborne,34,33
MS,Clarke,20,26
MS,Clay,26,28
MS,Coahoma,32,30
MS,Copiah,23,26
MS,Covington,20,26
MS,DeSoto,22,26
MS,Forrest,23,26
MS,Franklin,20,24
MS,George,15,25
MS,Greene,17,21
MS,Grenada,21,25
MS,Hancock,16,26
MS,Harrison,19,26
MS,Hinds,26,24
MS,Holmes,35,34
MS,Humphreys,34,32
MS,Issaquena,35,41
MS,Itawamba,15,25
MS,Jackson,16,23
MS,Jasper,22,25
MS,Jefferson Davis,27,29
MS,Jefferson,38,37
MS,Jones,18,26
MS,Kemper,26,30
MS,Lafayette,20,23
MS,Lamar,16,22
MS,Lauderdale,22,26
MS,Lawrence,19,26
MS,Leake,21,27
MS,Lee,18,23
MS,Leflore,33,33
MS,Lincoln,20,27
MS,Lowndes,22,25
MS,Madison,16,19
MS,Marion,21,29
MS,Marshall,20,25
MS,Monroe,19,26
MS,Montgomery,23,30
MS,Neshoba,19,26
MS,Newton,19,26
MS,Noxubee,29,29
MS,Oktibbeha,25,24
MS,Panola,23,25
MS,Pearl River,16,26
MS,Perry,17,24
MS,Pike,25,27
MS,Pontotoc,14,22
MS,Prentiss,17,26
MS,Quitman,31,34
MS,Rankin,13,19
MS,Scott,19,26
MS,Sharkey,29,26
MS,Simpson,20,26
MS,Smith,18,26
MS,Stone,16,25
MS,Sunflower,31,31
MS,Tallahatchie,19,24
MS,Tate,18,23
MS,Tippah,17,27
MS,Tishomingo,14,26
MS,Tunica,31,27
MS,Union,16,26
MS,Walthall,22,27
MS,Warren,22,25
MS,Washington,31,32
MS,Wayne,21,27
MS,Webster,18,26
MS,Wilkinson,28,31
MS,Winston,24,30
MS,Yalobusha,20,22
MS,Yazoo,26,28
MT,Beaverhead,13,15
MT,Big Horn,18,27
MT,Blaine,17,25
MT,Broadwater,11,18
MT,Carbon,11,18
MT,Carter,10,17
MT,Cascade,13,20
MT,Chouteau,15,23
MT,Custer,12,16
MT,Daniels,9,13
MT,Dawson,12,20
MT,Deer Lodge,13,20
MT,Fallon,10,14
MT,Fergus,12,18
MT,Flathead,13,20
MT,Gallatin,12,15
MT,Garfield,11,17
MT,Glacier,21,29
MT,Golden Valley,15,31
MT,Granite,13,26
MT,Hill,14,21
MT,Jefferson,10,16
MT,Judith Basin,12,19
MT,Lake,15,23
MT,Lewis and Clark,12,17
MT,Liberty,13,17
MT,Lincoln,16,24
MT,Madison,11,18
MT,McCone,9,14
MT,Meagher,12,17
MT,Mineral,15,26
MT,Missoula,14,17
MT,Musselshell,13,19
MT,Park,12,16
MT,Petroleum,11,17
MT,Phillips,13,19
MT,Pondera,15,22
MT,Powder River,11,15
MT,Powell,13,23
MT,Prairie,12,20
MT,Ravalli,14,22
MT,Richland,11,18
MT,Roosevelt,18,24
MT,Rosebud,14,22
MT,Sanders,16,28
MT,Sheridan,10,15
MT,Silver Bow,15,21
MT,Stillwater,10,15
MT,Sweet Grass,11,18
MT,Teton,12,17
MT,Toole,14,22
MT,Treasure,15,24
MT,Valley,12,18
MT,Wheatland,15,24
MT,Wibaux,13,18
MT,Yellowstone,11,16
NC,Alamance,15,23
NC,Alexander,14,24
NC,Alleghany,13,25
NC,Anson,23,25
NC,Ashe,14,26
NC,Avery,13,22
NC,Beaufort,17,23
NC,Bertie,24,25
NC,Bladen,21,28
NC,Brunswick,15,26
NC,Buncombe,14,22
NC,Burke,15,26
NC,Cabarrus,13,19
NC,Caldwell,15,25
NC,Camden,12,21
NC,Carteret,14,24
NC,Caswell,19,25
NC,Catawba,14,23
NC,Chatham,12,20
NC,Cherokee,14,26
NC,Chowan,21,28
NC,Clay,15,27
NC,Cleveland,18,25
NC,Columbus,20,26
NC,Craven,17,24
NC,Cumberland,20,23
NC,Currituck,12,21
NC,Dare,13,21
NC,Davidson,14,23
NC,Davie,12,21
NC,Duplin,16,25
NC,Durham,18,20
NC,Edgecombe,26,29
NC,Forsyth,17,23
NC,Franklin,16,21
NC,Gaston,16,24
NC,Gates,17,23
NC,Graham,18,30
NC,Granville,16,20
NC,Greene,18,24
NC,Guilford,19,22
NC,Halifax,25,27
NC,Harnett,16,23
NC,Haywood,14,25
NC,Henderson,12,21
NC,Hertford,25,26
NC,Hoke,19,25
NC,Hyde,19,23
NC,Iredell,13,21
NC,Jackson,16,26
NC,Johnston,13,21
NC,Jones,19,27
NC,Lee,15,23
NC,Lenoir,21,25
NC,Lincoln,13,23
NC,Macon,14,26
NC,Madison,14,25
NC,Martin,21,25
NC,McDowell,15,26
NC,Mecklenburg,16,20
NC,Mitchell,14,27
NC,Montgomery,16,25
NC,Moore,14,23
NC,Nash,20,23
NC,New Hanover,16,22
NC,Northampton,25,30
NC,Onslow,16,22
NC,Orange,14,18
NC,Pamlico,15,24
NC,Pasquotank,20,25
NC,Pender,15,23
NC,Perquimans,18,26
NC,Person,18,24
NC,Pitt,22,23
NC,Polk,13,23
NC,Randolph,13,24
NC,Richmond,21,28
NC,Robeson,22,30
NC,Rockingham,17,24
NC,Rowan,16,24
NC,Rutherford,17,27
NC,Sampson,17,24
NC,Scotland,26,32
NC,Stanly,15,24
NC,Stokes,14,24
NC,Surry,14,24
NC,Swain,17,32
NC,Transylvania,13,24
NC,Tyrrell,19,27
NC,Union,11,18
NC,Vance,24,26
NC,Wake,14,18
NC,Warren,23,26
NC,Washington,23,25
NC,Watauga,18,23
NC,Wayne,19,25
NC,Wilkes,15,26
NC,Wilson,22,28
NC,Yadkin,13,25
NC,Yancey,15,27
ND,Adams,7,12
ND,Barnes,7,9
ND,Benson,14,22
ND,Billings,6,7
ND,Bottineau,7,10
ND,Bowman,5,6
ND,Burke,7,12
ND,Burleigh,6,9
ND,Cass,9,9
ND,Cavalier,4,6
ND,Dickey,6,8
ND,Divide,5,8
ND,Dunn,5,10
ND,Eddy,8,12
ND,Emmons,8,10
ND,Foster,7,11
ND,Golden Valley,7,10
ND,Grand Forks,11,11
ND,Grant,7,11
ND,Griggs,6,9
ND,Hettinger,5,10
ND,Kidder,5,9
ND,LaMoure,8,9
ND,Logan,5,7
ND,McHenry,7,13
ND,McIntosh,7,10
ND,McKenzie,8,12
ND,McLean,7,11
ND,Mercer,5,9
ND,Morton,6,9
ND,Mountrail,6,10
ND,Nelson,6,9
ND,Oliver,6,11
ND,Pembina,6,10
ND,Pierce,9,14
ND,Ramsey,8,11
ND,Ransom,7,8
ND,Renville,5,9
ND,Richland,7,10
ND,Rolette,17,26
ND,Sargent,5,7
ND,Sheridan,8,15
ND,Sioux,16,21
ND,Slope,6,9
ND,Stark,5,7
ND,Steele,5,9
ND,Stutsman,7,11
ND,Towner,7,13
ND,Traill,6,10
ND,Walsh,6,9
ND,Ward,7,9
ND,Wells,6,14
ND,Williams,6,9
NE,Adams,12,18
NE,Antelope,12,19
NE,Arthur,14,17
NE,Banner,13,19
NE,Blaine,17,25
NE,Boone,11,18
NE,Box Butte,12,22
NE,Boyd,12,17
NE,Brown,15,23
NE,Buffalo,12,17
NE,Burt,12,18
NE,Butler,11,18
NE,Cass,10,17
NE,Cedar,11,18
NE,Chase,9,17
NE,Cherry,13,19
NE,Cheyenne,12,19
NE,Clay,10,17
NE,Colfax,5,15
NE,Cuming,11,19
NE,Custer,12,18
NE,Dakota,8,18
NE,Dawes,14,19
NE,Dawson,8,18
NE,Deuel,11,22
NE,Dixon,10,20
NE,Dodge,12,18
NE,Douglas,14,19
NE,Dundy,10,17
NE,Fillmore,11,18
NE,Franklin,12,19
NE,Frontier,13,21
NE,Furnas,14,23
NE,Gage,13,19
NE,Garden,11,17
NE,Garfield,12,17
NE,Gosper,11,18
NE,Grant,12,21
NE,Greeley,12,18
NE,Hall,11,19
NE,Hamilton,11,18
NE,Harlan,12,22
NE,Hayes,11,16
NE,Hitchcock,14,23
NE,Holt,12,18
NE,Hooker,14,24
NE,Howard,12,19
NE,Jefferson,12,20
NE,Johnson,12,18
NE,Kearney,11,16
NE,Keith,12,20
NE,Keya Paha,14,27
NE,Kimball,13,20
NE,Knox,13,21
NE,Lancaster,14,19
NE,Lincoln,12,19
NE,Logan,13,20
NE,Loup,13,21
NE,Madison,12,19
NE,McPherson,13,21
NE,Merrick,12,18
NE,Morrill,10,18
NE,Nance,12,19
NE,Nemaha,12,18
NE,Nuckolls,12,19
NE,Otoe,12,19
NE,Pawnee,13,21
NE,Perkins,10,16
NE,Phelps,11,17
NE,Pierce,11,16
NE,Platte,9,16
NE,Polk,10,17
NE,Red Willow,12,19
NE,Richardson,14,25
NE,Rock,12,16
NE,Saline,9,16
NE,Sarpy,10,16
NE,Saunders,11,19
NE,Scotts Bluff,10,19
NE,Seward,12,18
NE,Sheridan,13,23
NE,Sherman,13,23
NE,Sioux,12,19
NE,Stanton,11,18
NE,Thayer,12,20
NE,Thomas,12,19
NE,Thurston,19,29
NE,Valley,13,20
NE,Washington,11,18
NE,Wayne,13,17
NE,Webster,12,20
NE,Wheeler,11,18
NE,York,12,19
NH,Belknap,10,15
NH,Carroll,9,14
NH,Cheshire,11,15
NH,Coos,12,18
NH,Grafton,11,14
NH,Hillsborough,10,12
NH,Merrimack,10,13
NH,Rockingham,8,11
NH,Strafford,11,14
NH,Sullivan,10,13
NJ,Atlantic,14,19
NJ,Bergen,8,12
NJ,Burlington,11,13
NJ,Camden,13,16
NJ,Cape May,13,20
NJ,Cumberland,13,18
NJ,Essex,17,16
NJ,Gloucester,11,14
NJ,Hudson,11,17
NJ,Hunterdon,7,11
NJ,Mercer,11,13
NJ,Middlesex,9,13
NJ,Monmouth,9,13
NJ,Morris,7,11
NJ,Ocean,10,18
NJ,Passaic,10,17
NJ,Salem,13,19
NJ,Somerset,7,11
NJ,Sussex,8,13
NJ,Union,10,14
NJ,Warren,10,14
NM,Bernalillo,15,23
NM,Catron,19,27
NM,Chaves,15,25
NM,Cibola,20,33
NM,Colfax,15,23
NM,Curry,18,25
NM,De Baca,16,25
NM,Dona Ana,16,25
NM,Eddy,12,19
NM,Grant,15,25
NM,Guadalupe,8,21
NM,Harding,15,24
NM,Hidalgo,14,27
NM,Lea,13,21
NM,Lincoln,16,22
NM,Los Alamos,15,19
NM,Luna,20,34
NM,McKinley,27,35
NM,Mora,10,23
NM,Otero,19,27
NM,Quay,16,23
NM,Rio Arriba,11,25
NM,Roosevelt,19,27
NM,Sandoval,15,22
NM,San Juan,20,27
NM,San Miguel,12,26
NM,Santa Fe,13,21
NM,Sierra,20,29
NM,Socorro,16,27
NM,Taos,16,28
NM,Torrance,19,31
NM,Union,15,21
NM,Valencia,13,25
NV,Churchill,15,24
NV,Clark,13,22
NV,Douglas,13,22
NV,Elko,9,19
NV,Esmeralda,13,21
NV,Eureka,13,17
NV,Humboldt,9,19
NV,Lander,8,21
NV,Lincoln,14,23
NV,Lyon,15,26
NV,Mineral,18,32
NV,Nye,15,29
NV,Pershing,13,25
NV,Storey,12,21
NV,Washoe,13,22
NV,White Pine,11,22
NV,Carson City,14,24
NY,Albany,13,17
NY,Allegany,13,23
NY,Bronx,16,24
NY,Broome,14,22
NY,Cattaraugus,13,24
NY,Cayuga,12,20
NY,Chautauqua,13,23
NY,Chemung,13,22
NY,Chenango,12,22
NY,Clinton,13,22
NY,Columbia,10,18
NY,Cortland,13,20
NY,Delaware,12,23
NY,Dutchess,9,15
NY,Erie,14,20
NY,Essex,11,20
NY,Franklin,14,25
NY,Fulton,13,23
NY,Genesee,11,20
NY,Greene,11,20
NY,Hamilton,11,20
NY,Herkimer,12,22
NY,Jefferson,14,23
NY,Kings,19,22
NY,Lewis,12,21
NY,Livingston,12,20
NY,Madison,11,20
NY,Monroe,13,19
NY,Montgomery,13,24
NY,Nassau,6,13
NY,New York,14,18
NY,Niagara,13,21
NY,Oneida,13,22
NY,Onondaga,13,20
NY,Ontario,10,18
NY,Orange,9,18
NY,Orleans,12,22
NY,Oswego,14,25
NY,Otsego,12,20
NY,Putnam,5,13
NY,Queens,12,18
NY,Rensselaer,12,19
NY,Richmond,9,17
NY,Rockland,10,19
NY,Saratoga,9,16
NY,Schenectady,12,19
NY,Schoharie,11,20
NY,Schuyler,12,21
NY,Seneca,12,20
NY,Steuben,13,23
NY,St. Lawrence,14,24
NY,Suffolk,6,14
NY,Sullivan,12,21
NY,Tioga,10,19
NY,Tompkins,14,19
NY,Ulster,11,17
NY,Warren,11,20
NY,Washington,12,21
NY,Wayne,11,20
NY,Westchester,8,14
NY,Wyoming,11,20
NY,Yates,11,21
OH,Adams,18,28
OH,Allen,16,22
OH,Ashland,14,23
OH,Ashtabula,16,25
OH,Athens,20,27
OH,Auglaize,11,18
OH,Belmont,15,23
OH,Brown,14,23
OH,Butler,14,20
OH,Carroll,14,24
OH,Champaign,13,22
OH,Clark,16,24
OH,Clermont,12,19
OH,Clinton,15,24
OH,Columbiana,15,24
OH,Coshocton,15,24
OH,Crawford,15,24
OH,Cuyahoga,19,21
OH,Darke,13,21
OH,Defiance,12,21
OH,Delaware,9,14
OH,Erie,14,21
OH,Fairfield,13,19
OH,Fayette,16,25
OH,Franklin,17,20
OH,Fulton,10,19
OH,Gallia,16,25
OH,Geauga,10,18
OH,Greene,14,20
OH,Guernsey,16,27
OH,Hamilton,18,21
OH,Hancock,12,20
OH,Hardin,15,24
OH,Harrison,15,25
OH,Henry,11,20
OH,Highland,16,26
OH,Hocking,14,24
OH,Holmes,12,20
OH,Huron,13,22
OH,Jackson,18,28
OH,Jefferson,16,25
OH,Knox,14,23
OH,Lake,12,18
OH,Lawrence,15,23
OH,Licking,13,21
OH,Logan,13,21
OH,Lorain,13,21
OH,Lucas,18,23
OH,Madison,13,19
OH,Mahoning,17,24
OH,Marion,16,24
OH,Medina,10,17
OH,Meigs,17,27
OH,Mercer,11,17
OH,Miami,13,21
OH,Monroe,17,30
OH,Montgomery,18,23
OH,Morgan,17,26
OH,Morrow,12,21
OH,Muskingum,16,25
OH,Noble,14,25
OH,Ottawa,12,22
OH,Paulding,12,20
OH,Perry,15,25
OH,Pickaway,13,21
OH,Pike,17,28
OH,Portage,14,22
OH,Preble,13,22
OH,Putnam,9,16
OH,Richland,16,24
OH,Ross,16,24
OH,Sandusky,12,21
OH,Scioto,18,27
OH,Seneca,14,23
OH,Shelby,12,19
OH,Stark,15,22
OH,Summit,16,21
OH,Trumbull,16,25
OH,Tuscarawas,14,22
OH,Union,11,18
OH,Van Wert,12,20
OH,Vinton,16,27
OH,Warren,10,16
OH,Washington,14,23
OH,Wayne,13,21
OH,Williams,13,22
OH,Wood,13,18
OH,Wyandot,12,19
OK,Adair,19,29
OK,Alfalfa,13,22
OK,Atoka,18,27
OK,Beaver,8,17
OK,Beckham,14,20
OK,Blaine,14,22
OK,Bryan,17,23
OK,Caddo,16,24
OK,Canadian,12,18
OK,Carter,16,22
OK,Cherokee,17,25
OK,Choctaw,22,29
OK,Cimarron,11,22
OK,Cleveland,14,19
OK,Coal,18,28
OK,Comanche,18,22
OK,Cotton,15,23
OK,Craig,16,24
OK,Creek,15,23
OK,Custer,14,20
OK,Delaware,16,27
OK,Dewey,14,22
OK,Ellis,13,21
OK,Garfield,14,21
OK,Garvin,16,23
OK,Grady,14,21
OK,Grant,13,19
OK,Greer,16,22
OK,Harmon,12,20
OK,Harper,10,20
OK,Haskell,18,26
OK,Hughes,18,27
OK,Jackson,14,20
OK,Jefferson,16,26
OK,Johnston,17,26
OK,Kay,16,25
OK,Kingfisher,10,17
OK,Kiowa,16,25
OK,Latimer,18,26
OK,Le Flore,18,26
OK,Lincoln,15,23
OK,Logan,14,19
OK,Love,12,20
OK,Major,13,20
OK,Marshall,13,22
OK,Mayes,16,26
OK,McClain,12,19
OK,McCurtain,21,28
OK,McIntosh,19,28
OK,Murray,15,23
OK,Muskogee,19,25
OK,Noble,14,20
OK,Nowata,16,24
OK,Okfuskee,19,26
OK,Oklahoma,16,21
OK,Okmulgee,19,27
OK,Osage,17,23
OK,Ottawa,17,27
OK,Pawnee,15,23
OK,Payne,20,23
OK,Pittsburg,17,25
OK,Pontotoc,17,23
OK,Pottawatomie,16,24
OK,Pushmataha,19,30
OK,Roger Mills,14,22
OK,Rogers,13,20
OK,Seminole,18,26
OK,Sequoyah,19,29
OK,Stephens,16,23
OK,Texas,7,17
OK,Tillman,14,23
OK,Tulsa,16,22
OK,Wagoner,13,20
OK,Washington,15,22
OK,Washita,14,24
OK,Woods,14,21
OK,Woodward,13,21
OR,Baker,16,26
OR,Benton,16,20
OR,Clackamas,12,19
OR,Clatsop,15,23
OR,Columbia,14,24
OR,Coos,16,26
OR,Crook,16,27
OR,Curry,16,25
OR,Deschutes,14,23
OR,Douglas,16,28
OR,Gilliam,14,19
OR,Grant,16,25
OR,Harney,16,27
OR,Hood River,9,20
OR,Jackson,15,25
OR,Jefferson,14,26
OR,Josephine,17,28
OR,Klamath,16,25
OR,Lake,17,25
OR,Lane,16,24
OR,Lincoln,15,25
OR,Linn,16,26
OR,Malheur,13,25
OR,Marion,12,23
OR,Morrow,9,21
OR,Multnomah,16,22
OR,Polk,13,22
OR,Sherman,17,26
OR,Tillamook,14,23
OR,Umatilla,12,23
OR,Union,16,25
OR,Wallowa,16,26
OR,Wasco,13,22
OR,Washington,12,19
OR,Wheeler,16,29
OR,Yamhill,13,23
PA,Adams,9,16
PA,Allegheny,14,17
PA,Armstrong,13,20
PA,Beaver,13,19
PA,Bedford,12,20
PA,Berks,9,17
PA,Blair,13,20
PA,Bradford,12,20
PA,Bucks,9,13
PA,Butler,10,15
PA,Cambria,14,21
PA,Cameron,13,22
PA,Carbon,11,19
PA,Centre,14,16
PA,Chester,8,12
PA,Clarion,14,20
PA,Clearfield,13,21
PA,Clinton,14,22
PA,Columbia,13,19
PA,Crawford,13,20
PA,Cumberland,10,15
PA,Dauphin,14,16
PA,Delaware,13,15
PA,Elk,10,17
PA,Erie,14,20
PA,Fayette,15,24
PA,Forest,15,25
PA,Franklin,11,18
PA,Fulton,12,19
PA,Greene,13,20
PA,Huntingdon,13,20
PA,Indiana,14,20
PA,Jefferson,13,21
PA,Juniata,11,19
PA,Lackawanna,13,19
PA,Lancaster,10,16
PA,Lawrence,13,21
PA,Lebanon,10,16
PA,Lehigh,10,16
PA,Luzerne,13,21
PA,Lycoming,14,20
PA,McKean,13,21
PA,Mercer,13,20
PA,Mifflin,13,22
PA,Monroe,11,16
PA,Montgomery,10,13
PA,Montour,11,16
PA,Northampton,10,15
PA,Northumberland,13,20
PA,Perry,10,16
PA,Philadelphia,21,21
PA,Pike,9,16
PA,Potter,13,21
PA,Schuylkill,12,19
PA,Snyder,11,18
PA,Somerset,12,20
PA,Sullivan,12,19
PA,Susquehanna,12,19
PA,Tioga,13,20
PA,Union,12,18
PA,Venango,13,21
PA,Warren,11,19
PA,Washington,11,17
PA,Wayne,11,19
PA,Westmoreland,11,18
PA,Wyoming,11,19
PA,York,11,16
RI,Bristol,11,15
RI,Kent,11,16
RI,Newport,12,16
RI,Providence,14,20
RI,Washington,11,17
SC,Abbeville,16,24
SC,Aiken,14,22
SC,Allendale,27,28
SC,Anderson,13,20
SC,Bamberg,24,26
SC,Barnwell,21,26
SC,Beaufort,11,19
SC,Berkeley,13,19
SC,Calhoun,17,20
SC,Charleston,15,19
SC,Cherokee,16,25
SC,Chesterfield,18,23
SC,Chester,20,26
SC,Clarendon,20,24
SC,Colleton,18,23
SC,Darlington,19,23
SC,Dillon,23,29
SC,Dorchester,13,18
SC,Edgefield,15,19
SC,Fairfield,21,23
SC,Florence,18,21
SC,Georgetown,17,25
SC,Greenville,12,19
SC,Greenwood,17,23
SC,Hampton,20,22
SC,Horry,14,23
SC,Jasper,16,22
SC,Kershaw,14,20
SC,Lancaster,14,21
SC,Laurens,16,24
SC,Lee,23,24
SC,Lexington,11,19
SC,Marion,23,27
SC,Marlboro,23,28
SC,McCormick,18,23
SC,Newberry,14,20
SC,Oconee,13,23
SC,Orangeburg,23,25
SC,Pickens,13,20
SC,Richland,18,18
SC,Saluda,13,20
SC,Spartanburg,14,20
SC,Sumter,18,20
SC,Union,18,24
SC,Williamsburg,24,24
SC,York,12,18
SD,Aurora,8,14
SD,Beadle,12,22
SD,Bennett,20,30
SD,Bon Homme,10,15
SD,Brookings,13,15
SD,Brown,11,15
SD,Brule,12,19
SD,Buffalo,22,29
SD,Butte,11,15
SD,Campbell,10,16
SD,Charles Mix,14,22
SD,Clark,12,20
SD,Clay,17,19
SD,Codington,11,15
SD,Corson,23,32
SD,Custer,10,17
SD,Davison,12,18
SD,Day,14,25
SD,Deuel,10,15
SD,Dewey,21,29
SD,Douglas,9,15
SD,Edmunds,10,13
SD,Fall River,13,21
SD,Faulk,11,13
SD,Grant,9,15
SD,Gregory,13,21
SD,Haakon,12,19
SD,Hamlin,9,15
SD,Hand,10,15
SD,Hanson,10,15
SD,Harding,11,16
SD,Hughes,11,16
SD,Hutchinson,11,17
SD,Hyde,10,19
SD,Jackson,18,26
SD,Jerauld,9,15
SD,Jones,12,13
SD,Kingsbury,10,16
SD,Lake,12,20
SD,Lawrence,12,17
SD,Lincoln,8,13
SD,Lyman,14,23
SD,Marshall,12,18
SD,McCook,9,15
SD,McPherson,14,18
SD,Meade,11,17
SD,Mellette,20,35
SD,Miner,10,17
SD,Minnehaha,12,16
SD,Moody,12,19
SD,Pennington,12,18
SD,Perkins,12,17
SD,Potter,11,18
SD,Roberts,14,23
SD,Sanborn,10,16
SD,Shannon,12,18
SD,Spink,11,18
SD,Stanley,9,14
SD,Sully,10,13
SD,Todd,24,33
SD,Tripp,15,24
SD,Turner,10,15
SD,Union,9,13
SD,Walworth,13,18
SD,Yankton,12,17
SD,Ziebach,20,28
TN,Anderson,14,24
TN,Bedford,13,22
TN,Benton,16,26
TN,Bledsoe,16,23
TN,Blount,12,20
TN,Bradley,14,23
TN,Campbell,16,27
TN,Cannon,14,23
TN,Carroll,17,24
TN,Carter,16,26
TN,Cheatham,11,20
TN,Chester,16,22
TN,Claiborne,16,25
TN,Clay,16,26
TN,Cocke,17,29
TN,Coffee,14,23
TN,Crockett,15,22
TN,Cumberland,13,23
TN,Davidson,16,20
TN,Decatur,15,26
TN,DeKalb,14,24
TN,Dickson,13,22
TN,Dyer,17,23
TN,Fayette,15,19
TN,Fentress,16,27
TN,Franklin,13,21
TN,Gibson,17,23
TN,Giles,14,21
TN,Grainger,14,23
TN,Greene,15,25
TN,Grundy,17,28
TN,Hamblen,14,23
TN,Hamilton,15,20
TN,Hancock,18,29
TN,Hardeman,21,24
TN,Hardin,16,26
TN,Hawkins,14,24
TN,Haywood,23,23
TN,Henderson,17,26
TN,Henry,15,24
TN,Hickman,14,24
TN,Houston,17,28
TN,Humphreys,13,22
TN,Jackson,16,29
TN,Jefferson,13,22
TN,Johnson,15,25
TN,Knox,14,19
TN,Lake,21,28
TN,Lauderdale,23,26
TN,Lawrence,15,25
TN,Lewis,14,23
TN,Lincoln,13,22
TN,Loudon,11,23
TN,Macon,13,21
TN,Madison,19,21
TN,Marion,15,25
TN,Marshall,13,22
TN,Maury,14,21
TN,McMinn,14,24
TN,McNairy,16,25
TN,Meigs,15,25
TN,Monroe,14,24
TN,Montgomery,15,20
TN,Moore,11,21
TN,Morgan,15,27
TN,Obion,17,26
TN,Overton,15,25
TN,Perry,16,27
TN,Pickett,13,24
TN,Polk,14,25
TN,Putnam,16,24
TN,Rhea,16,27
TN,Roane,14,24
TN,Robertson,11,18
TN,Rutherford,13,17
TN,Scott,18,29
TN,Sequatchie,13,21
TN,Sevier,13,22
TN,Shelby,22,21
TN,Smith,13,22
TN,Stewart,14,25
TN,Sullivan,14,23
TN,Sumner,11,17
TN,Tipton,15,21
TN,Trousdale,15,21
TN,Unicoi,15,26
TN,Union,14,25
TN,Van Buren,14,26
TN,Warren,14,24
TN,Washington,14,22
TN,Wayne,15,26
TN,Weakley,16,22
TN,White,14,23
TN,Williamson,8,14
TN,Wilson,11,17
TX,Anderson,20,26
TX,Andrews,8,19
TX,Angelina,20,27
TX,Aransas,17,29
TX,Archer,16,23
TX,Armstrong,15,20
TX,Atascosa,8,22
TX,Austin,15,23
TX,Bailey,10,22
TX,Bandera,15,24
TX,Bastrop,13,22
TX,Baylor,17,20
TX,Bee,14,27
TX,Bell,20,24
TX,Bexar,11,22
TX,Blanco,14,22
TX,Borden,14,26
TX,Bosque,17,26
TX,Bowie,24,27
TX,Brazoria,15,21
TX,Brazos,22,24
TX,Brewster,13,20
TX,Briscoe,15,25
TX,Brooks,11,34
TX,Brown,18,27
TX,Burleson,17,25
TX,Burnet,16,26
TX,Caldwell,13,23
TX,Calhoun,12,24
TX,Callahan,19,26
TX,Cameron,9,29
TX,Camp,20,27
TX,Carson,14,21
TX,Cass,23,30
TX,Castro,9,22
TX,Chambers,15,21
TX,Cherokee,20,28
TX,Childress,19,27
TX,Clay,17,24
TX,Cochran,11,22
TX,Coke,15,22
TX,Coleman,20,32
TX,Collingsworth,15,28
TX,Collin,16,20
TX,Colorado,15,21
TX,Comal,13,21
TX,Comanche,17,29
TX,Concho,7,23
TX,Cooke,17,25
TX,Coryell,20,25
TX,Cottle,19,30
TX,Crane,9,20
TX,Crockett,9,24
TX,Crosby,13,25
TX,Culberson,9,26
TX,Dallam,13,23
TX,Dallas,18,24
TX,Dawson,11,21
TX,Deaf Smith,8,22
TX,Delta,21,31
TX,Denton,16,20
TX,DeWitt,14,22
TX,Dickens,17,25
TX,Dimmit,5,22
TX,Donley,19,29
TX,Duval,7,26
TX,Eastland,19,25
TX,Ector,10,20
TX,Edwards,8,21
TX,Ellis,15,22
TX,El Paso,8,24
TX,Erath,20,25
TX,Falls,20,27
TX,Fannin,19,26
TX,Fayette,15,22
TX,Fisher,15,23
TX,Floyd,13,27
TX,Foard,16,22
TX,Fort Bend,15,19
TX,Franklin,19,27
TX,Freestone,19,26
TX,Frio,7,22
TX,Gaines,11,20
TX,Galveston,17,23
TX,Garza,9,21
TX,Gillespie,14,22
TX,Glasscock,10,23
TX,Goliad,13,25
TX,Gonzales,13,23
TX,Grayson,19,26
TX,Gray,16,24
TX,Gregg,21,26
TX,Grimes,19,26
TX,Guadalupe,12,20
TX,Hale,14,27
TX,Hall,19,29
TX,Hamilton,18,25
TX,Hansford,11,23
TX,Hardeman,18,24
TX,Hardin,19,26
TX,Harrison,21,26
TX,Harris,17,24
TX,Hartley,13,19
TX,Haskell,16,28
TX,Hays,14,21
TX,Hemphill,12,22
TX,Henderson,20,28
TX,Hidalgo,9,29
TX,Hill,19,28
TX,Hockley,12,21
TX,Hood,17,24
TX,Hopkins,19,28
TX,Houston,24,31
TX,Howard,14,23
TX,Hudspeth,11,32
TX,Hunt,20,26
TX,Hutchinson,16,24
TX,Irion,13,24
TX,Jackson,14,21
TX,Jack,17,27
TX,Jasper,23,28
TX,Jeff Davis,10,17
TX,Jefferson,24,27
TX,Jim Hogg,4,20
TX,Jim Wells,9,26
TX,Johnson,16,24
TX,Jones,18,26
TX,Karnes,13,28
TX,Kaufman,17,23
TX,Kendall,13,21
TX,Kenedy,13,29
TX,Kent,15,25
TX,Kerr,16,24
TX,Kimble,16,27
TX,King,17,20
TX,Kinney,9,24
TX,Kleberg,12,25
TX,Knox,15,23
TX,Lamar,22,28
TX,Lamb,15,29
TX,Lampasas,17,25
TX,La Salle,4,22
TX,Lavaca,15,21
TX,Lee,16,23
TX,Leon,17,25
TX,Liberty,19,26
TX,Limestone,20,30
TX,Lipscomb,13,21
TX,Live Oak,12,24
TX,Llano,18,27
TX,Loving,19,24
TX,Lubbock,17,23
TX,Lynn,12,25
TX,Madison,20,29
TX,Marion,25,31
TX,Martin,10,21
TX,Mason,14,24
TX,Matagorda,17,28
TX,Maverick,8,28
TX,McCulloch,15,26
TX,McLennan,20,26
TX,McMullen,8,18
TX,Medina,9,21
TX,Menard,14,24
TX,Midland,11,19
TX,Milam,18,26
TX,Mills,16,25
TX,Mitchell,14,21
TX,Montague,18,27
TX,Montgomery,15,23
TX,Moore,11,24
TX,Morris,25,30
TX,Motley,18,25
TX,Nacogdoches,23,27
TX,Navarro,19,26
TX,Newton,23,27
TX,Nolan,16,26
TX,Nueces,11,23
TX,Ochiltree,10,20
TX,Oldham,17,23
TX,Orange,21,27
TX,Palo Pinto,19,28
TX,Panola,20,25
TX,Parker,16,23
TX,Parmer,8,22
TX,Pecos,7,19
TX,Polk,20,28
TX,Potter,17,25
TX,Presidio,10,28
TX,Rains,17,25
TX,Randall,15,21
TX,Reagan,8,20
TX,Real,17,27
TX,Red River,23,27
TX,Reeves,7,21
TX,Refugio,12,24
TX,Robertson,20,25
TX,Roberts,15,21
TX,Rockwall,14,20
TX,Runnels,14,25
TX,Rusk,20,26
TX,Sabine,24,37
TX,San Augustine,26,33
TX,San Jacinto,20,26
TX,San Patricio,11,23
TX,San Saba,15,24
TX,Schleicher,11,25
TX,Scurry,11,20
TX,Shackelford,18,25
TX,Shelby,21,28
TX,Sherman,10,20
TX,Smith,20,25
TX,Somervell,17,25
TX,Starr,11,32
TX,Stephens,17,27
TX,Sterling,10,24
TX,Stonewall,17,26
TX,Sutton,9,20
TX,Swisher,15,26
TX,Tarrant,17,23
TX,Taylor,18,24
TX,Terrell,9,21
TX,Terry,11,21
TX,Throckmorton,17,26
TX,Titus,16,26
TX,Tom Green,14,23
TX,Travis,16,22
TX,Trinity,20,27
TX,Tyler,21,28
TX,Upshur,19,26
TX,Upton,12,22
TX,Uvalde,8,23
TX,Val Verde,8,23
TX,Van Zandt,18,27
TX,Victoria,13,23
TX,Walker,24,28
TX,Waller,19,23
TX,Ward,11,22
TX,Washington,19,24
TX,Webb,7,26
TX,Wharton,15,24
TX,Wheeler,15,24
TX,Wichita,20,26
TX,Wilbarger,18,25
TX,Willacy,13,33
TX,Williamson,14,20
TX,Wilson,10,20
TX,Winkler,9,21
TX,Wise,15,24
TX,Wood,18,27
TX,Yoakum,7,19
TX,Young,16,25
TX,Zapata,9,30
TX,Zavala,11,31
UT,Beaver,13,18
UT,Box Elder,13,16
UT,Cache,15,17
UT,Carbon,15,20
UT,Daggett,13,15
UT,Davis,12,15
UT,Duchesne,15,20
UT,Emery,14,19
UT,Garfield,18,23
UT,Grand,17,21
UT,Iron,18,21
UT,Juab,14,19
UT,Kane,13,17
UT,Millard,13,18
UT,Morgan,12,14
UT,Piute,17,25
UT,Rich,14,19
UT,Salt Lake,13,16
UT,San Juan,20,26
UT,Sanpete,15,18
UT,Sevier,15,19
UT,Summit,11,14
UT,Tooele,12,15
UT,Uintah,14,18
UT,Utah,14,16
UT,Wasatch,12,16
UT,Washington,15,20
UT,Wayne,17,21
UT,Weber,13,17
VA,Williamsburg,16,18
VA,Accomack,14,19
VA,Albemarle,10,13
VA,Alleghany,11,19
VA,Amelia,11,15
VA,Amherst,12,16
VA,Appomattox,13,18
VA,Arlington,8,10
VA,Augusta,8,15
VA,Bath,9,13
VA,Bedford,9,15
VA,Bland,10,17
VA,Botetourt,7,14
VA,Brunswick,20,20
VA,Buchanan,16,28
VA,Buckingham,16,20
VA,Campbell,11,17
VA,Caroline,12,16
VA,Carroll,11,19
VA,Charles City,15,16
VA,Charlotte,17,20
VA,Chesterfield,9,12
VA,Clarke,9,15
VA,Craig,10,16
VA,Culpeper,9,13
VA,Cumberland,17,22
VA,Dickenson,15,26
VA,Dinwiddie,14,16
VA,Essex,16,15
VA,Fairfax,5,10
VA,Fauquier,6,11
VA,Floyd,8,13
VA,Fluvanna,8,12
VA,Franklin,11,19
VA,Frederick,7,12
VA,Giles,10,15
VA,Gloucester,8,13
VA,Goochland,8,12
VA,Grayson,13,24
VA,Greene,8,13
VA,Greensville,19,17
VA,Halifax,17,18
VA,Hanover,7,12
VA,Henrico,13,14
VA,Henry,14,20
VA,Highland,9,18
VA,Isle of Wight,11,16
VA,James City,9,13
VA,King and Queen,13,19
VA,King George,9,12
VA,King William,11,17
VA,Lancaster,14,14
VA,Lee,15,26
VA,Loudoun,4,9
VA,Louisa,10,14
VA,Lunenburg,16,18
VA,Madison,10,16
VA,Mathews,8,14
VA,Mecklenburg,16,19
VA,Middlesex,10,15
VA,Montgomery,15,16
VA,Nelson,11,15
VA,New Kent,8,13
VA,Northampton,17,21
VA,Northumberland,13,15
VA,Nottoway,18,18
VA,Orange,10,18
VA,Page,12,20
VA,Patrick,13,22
VA,Pittsylvania,13,19
VA,Powhatan,7,11
VA,Prince Edward,17,17
VA,Prince George,12,15
VA,Prince William,6,10
VA,Pulaski,11,17
VA,Rappahannock,9,17
VA,Richmond,12,14
VA,Roanoke,9,14
VA,Rockbridge,10,18
VA,Rockingham,8,16
VA,Russell,13,21
VA,Scott,12,21
VA,Shenandoah,9,17
VA,Smyth,13,23
VA,Southampton,15,17
VA,Spotsylvania,9,13
VA,Stafford,7,11
VA,Surry,15,14
VA,Sussex,20,18
VA,Tazewell,13,21
VA,Warren,9,15
VA,Washington,10,17
VA,Westmoreland,13,14
VA,Wise,15,24
VA,Wythe,12,18
VA,York,8,13
VA,Alexandria,10,11
VA,Bristol,15,22
VA,Buena Vista,16,25
VA,Charlottesville,17,16
VA,Chesapeake,12,14
VA,Colonial Heights,11,16
VA,Covington,15,23
VA,Danville,22,21
VA,Emporia,26,26
VA,Falls Church,5,9
VA,Fredericksburg,16,16
VA,Galax,13,24
VA,Hampton,18,17
VA,Hampton,11,14
VA,Harrisonburg,16,17
VA,Harrisonburg,11,14
VA,Hopewell,19,20
VA,Hopewell,11,14
VA,Lexington,16,17
VA,Lynchburg,19,20
VA,Lynchburg,11,14
VA,Manassas,5,11
VA,Manassas Park,4,10
VA,Martinsville,22,20
VA,Newport News,17,17
VA,Norfolk,19,19
VA,Norton,17,26
VA,Petersburg,28,24
VA,Poquoson,6,12
VA,Portsmouth,20,19
VA,Radford,21,17
VA,Salem,11,16
VA,Staunton,14,20
VA,Suffolk,14,14
VA,Virginia Beach,11,13
VA,Waynesboro,13,19
VA,Winchester,12,16
VT,Addison,11,16
VT,Bennington,13,20
VT,Caledonia,13,18
VT,Chittenden,12,14
VT,Essex,14,20
VT,Franklin,11,15
VT,Grand Isle,11,16
VT,Lamoille,13,18
VT,Orange,11,18
VT,Orleans,14,20
VT,Rutland,13,18
VT,Washington,11,15
VT,Windham,13,17
VT,Windsor,12,16
WA,Adams,5,19
WA,Asotin,14,22
WA,Benton,11,21
WA,Chelan,10,18
WA,Clallam,15,24
WA,Clark,13,20
WA,Columbia,14,23
WA,Cowlitz,15,24
WA,Douglas,9,20
WA,Ferry,18,27
WA,Franklin,7,20
WA,Garfield,14,21
WA,Grant,9,20
WA,Grays Harbor,16,25
WA,Island,13,20
WA,Jefferson,14,22
WA,King,13,17
WA,Kitsap,13,19
WA,Kittitas,16,20
WA,Klickitat,13,23
WA,Lewis,15,23
WA,Lincoln,13,22
WA,Mason,14,24
WA,Okanogan,14,23
WA,Pacific,16,26
WA,Pend Oreille,17,28
WA,Pierce,14,20
WA,San Juan,12,21
WA,Skagit,12,21
WA,Skamania,14,21
WA,Snohomish,12,18
WA,Spokane,15,22
WA,Stevens,16,26
WA,Thurston,13,20
WA,Wahkiakum,15,26
WA,Walla Walla,12,21
WA,Whatcom,14,20
WA,Whitman,20,21
WA,Yakima,9,22
WI,Adams,12,23
WI,Ashland,13,22
WI,Barron,11,19
WI,Bayfield,12,22
WI,Brown,10,17
WI,Buffalo,11,18
WI,Burnett,12,23
WI,Calumet,8,15
WI,Chippewa,11,17
WI,Clark,11,20
WI,Columbia,10,17
WI,Crawford,12,20
WI,Dane,11,15
WI,Dodge,10,17
WI,Door,11,19
WI,Douglas,13,20
WI,Dunn,12,18
WI,Eau Claire,12,17
WI,Florence,10,19
WI,Fond du Lac,10,16
WI,Forest,13,21
WI,Grant,12,19
WI,Green Lake,11,20
WI,Green,9,16
WI,Iowa,10,17
WI,Iron,12,20
WI,Jackson,11,21
WI,Jefferson,9,17
WI,Juneau,11,20
WI,Kenosha,11,19
WI,Kewaunee,9,17
WI,La Crosse,12,17
WI,Lafayette,9,18
WI,Langlade,13,21
WI,Lincoln,11,18
WI,Manitowoc,10,18
WI,Marathon,10,18
WI,Marinette,12,20
WI,Marquette,11,21
WI,Menominee,19,33
WI,Milwaukee,17,21
WI,Monroe,12,21
WI,Oconto,9,17
WI,Oneida,10,19
WI,Outagamie,10,16
WI,Ozaukee,8,14
WI,Pepin,10,19
WI,Pierce,10,16
WI,Polk,10,18
WI,Portage,12,17
WI,Price,11,19
WI,Racine,11,17
WI,Richland,11,19
WI,Rock,11,20
WI,Rusk,12,22
WI,Sauk,11,19
WI,Sawyer,14,25
WI,Shawano,10,19
WI,Sheboygan,9,16
WI,St. Croix,8,15
WI,Taylor,11,18
WI,Trempealeau,9,17
WI,Vernon,11,20
WI,Vilas,13,22
WI,Walworth,10,17
WI,Washburn,11,21
WI,Washington,8,14
WI,Waukesha,8,14
WI,Waupaca,10,18
WI,Waushara,10,18
WI,Winnebago,11,17
WI,Wood,11,19
WV,Barbour,16,23
WV,Berkeley,13,18
WV,Boone,17,26
WV,Braxton,16,23
WV,Brooke,13,20
WV,Cabell,16,20
WV,Calhoun,16,24
WV,Clay,18,25
WV,Doddridge,12,18
WV,Fayette,16,22
WV,Gilmer,17,25
WV,Grant,14,20
WV,Greenbrier,15,21
WV,Hampshire,16,22
WV,Hancock,15,23
WV,Hardy,13,19
WV,Harrison,14,20
WV,Jackson,14,21
WV,Jefferson,11,14
WV,Kanawha,14,20
WV,Lewis,16,24
WV,Lincoln,18,28
WV,Logan,17,23
WV,Marion,14,20
WV,Marshall,13,19
WV,Mason,15,23
WV,McDowell,22,32
WV,Mercer,16,24
WV,Mineral,16,20
WV,Mingo,19,29
WV,Monongalia,16,16
WV,Monroe,13,20
WV,Morgan,13,16
WV,Nicholas,15,22
WV,Ohio,14,19
WV,Pendleton,14,20
WV,Pleasants,14,24
WV,Pocahontas,14,24
WV,Preston,13,19
WV,Putnam,11,15
WV,Raleigh,15,21
WV,Randolph,14,20
WV,Ritchie,15,22
WV,Roane,17,25
WV,Summers,14,20
WV,Taylor,13,20
WV,Tucker,13,20
WV,Tyler,16,24
WV,Upshur,15,22
WV,Wayne,15,23
WV,Webster,17,25
WV,Wetzel,16,25
WV,Wirt,14,22
WV,Wood,14,21
WV,Wyoming,16,24
WY,Albany,18,18
WY,Big Horn,12,17
WY,Campbell,10,15
WY,Carbon,11,17
WY,Converse,11,16
WY,Crook,10,15
WY,Fremont,14,20
WY,Goshen,12,21
WY,Hot Springs,13,18
WY,Johnson,12,14
WY,Laramie,11,16
WY,Lincoln,11,16
WY,Natrona,13,18
WY,Niobrara,14,19
WY,Park,12,16
WY,Platte,13,21
WY,Sheridan,12,16
WY,Sublette,11,16
WY,Sweetwater,11,17
WY,Teton,10,13
WY,Uinta,13,19
WY,Washakie,11,17
WY,Weston,12,21
